,ds,y,temp
0,2016-01-01,5128.0,5.508333333333333
1,2016-01-02,2908.0,3.8375
2,2016-01-03,5009.0,5.766666666666667
3,2016-01-04,8727.0,4.995833333333334
4,2016-01-05,11721.0,6.208333333333333
5,2016-01-06,12388.0,6.054166666666667
6,2016-01-07,10847.0,5.5125
7,2016-01-08,15090.0,4.295833333333333
8,2016-01-09,9289.0,3.6833333333333336
9,2016-01-10,8134.0,6.925
10,2016-01-11,11569.0,5.204166666666667
11,2016-01-12,14190.0,5.620833333333334
12,2016-01-13,10604.0,4.15
13,2016-01-14,12004.0,2.670833333333333
14,2016-01-15,9477.0,2.1083333333333334
15,2016-01-16,4867.0,1.1541666666666666
16,2016-01-17,4080.0,-0.5541666666666667
17,2016-01-18,13512.0,-3.7708333333333335
18,2016-01-19,14582.0,-5.866666666666667
19,2016-01-20,12854.0,-1.075
20,2016-01-21,14246.0,0.3166666666666666
21,2016-01-22,12475.0,-1.4791666666666667
22,2016-01-23,6866.0,5.1625000000000005
23,2016-01-24,5733.0,5.533333333333334
24,2016-01-25,20384.0,10.579166666666667
25,2016-01-26,20096.0,9.641666666666667
26,2016-01-27,17146.0,10.991666666666667
27,2016-01-28,18827.0,6.5625
28,2016-01-29,16702.0,6.258333333333333
29,2016-01-30,4605.0,6.733333333333333
30,2016-01-31,6539.0,6.195833333333333
31,2016-02-01,16489.0,11.733333333333334
32,2016-02-02,13647.0,9.295833333333333
33,2016-02-03,15340.0,4.416666666666667
34,2016-02-04,8299.0,4.191666666666666
35,2016-02-05,9624.0,7.091666666666666
36,2016-02-06,12417.0,9.516666666666667
37,2016-02-07,6837.0,9.045833333333333
38,2016-02-08,4856.0,8.404166666666667
39,2016-02-09,9912.0,6.516666666666667
40,2016-02-10,11222.0,3.8125
41,2016-02-11,15849.0,4.441666666666666
42,2016-02-12,15347.0,2.316666666666667
43,2016-02-13,5686.0,0.9041666666666668
44,2016-02-14,5377.0,3.2875
45,2016-02-15,9953.0,0.6166666666666667
46,2016-02-16,17623.0,-0.0666666666666667
47,2016-02-17,16732.0,0.1166666666666666
48,2016-02-18,16159.0,2.0708333333333333
49,2016-02-19,12388.0,1.4
50,2016-02-20,5102.0,6.6875
51,2016-02-21,7832.0,12.1375
52,2016-02-22,12143.0,8.408333333333333
53,2016-02-23,11389.0,2.6416666666666666
54,2016-02-24,15264.0,2.4833333333333334
55,2016-02-25,15713.0,0.8041666666666667
56,2016-02-26,14729.0,1.6208333333333331
57,2016-02-27,15093.0,2.7416666666666667
58,2016-02-28,10020.0,1.4666666666666668
59,2016-02-29,17905.0,1.7541666666666669
60,2016-03-01,14288.0,0.9166666666666666
61,2016-03-02,13980.0,6.0
62,2016-03-03,13269.0,3.0541666666666667
63,2016-03-04,10647.0,2.183333333333333
64,2016-03-05,6068.0,2.658333333333333
65,2016-03-06,4324.0,2.216666666666667
66,2016-03-07,13013.0,1.8708333333333331
67,2016-03-08,16185.0,1.5958333333333332
68,2016-03-09,18248.0,3.045833333333334
69,2016-03-10,19522.0,3.6791666666666663
70,2016-03-11,17082.0,4.354166666666667
71,2016-03-12,10549.0,2.9875000000000003
72,2016-03-13,16383.0,4.533333333333333
73,2016-03-14,21358.0,4.075
74,2016-03-15,18086.0,3.695833333333333
75,2016-03-16,18988.0,4.391666666666667
76,2016-03-17,24797.0,4.904166666666667
77,2016-03-18,16171.0,2.466666666666667
78,2016-03-19,8908.0,4.575
79,2016-03-20,8531.0,5.379166666666666
80,2016-03-21,13626.0,6.466666666666666
81,2016-03-22,16114.0,7.133333333333333
82,2016-03-23,14924.0,7.058333333333334
83,2016-03-24,14397.0,6.804166666666667
84,2016-03-25,3080.0,6.595833333333334
85,2016-03-26,22086.0,9.679166666666667
86,2016-03-27,7357.0,9.9375
87,2016-03-28,4454.0,8.304166666666667
88,2016-03-29,14848.0,8.404166666666667
89,2016-03-30,13526.0,9.25
90,2016-03-31,8748.0,5.820833333333333
91,2016-04-01,20135.0,7.591666666666666
92,2016-04-02,26004.0,10.075
93,2016-04-03,24117.0,14.866666666666667
94,2016-04-04,25446.0,14.1125
95,2016-04-05,16151.0,10.816666666666668
96,2016-04-06,24953.0,10.504166666666666
97,2016-04-07,21160.0,7.683333333333334
98,2016-04-08,22457.0,6.866666666666667
99,2016-04-09,27332.0,9.05
100,2016-04-10,27589.0,12.025
101,2016-04-11,35848.0,12.616666666666667
102,2016-04-12,28552.0,12.129166666666668
103,2016-04-13,24184.0,8.633333333333333
104,2016-04-14,30774.0,11.4875
105,2016-04-15,21819.0,12.720833333333331
106,2016-04-16,12975.0,10.7
107,2016-04-17,16861.0,7.008333333333333
108,2016-04-18,29336.0,7.916666666666667
109,2016-04-19,25798.0,9.675
110,2016-04-20,36899.0,8.845833333333333
111,2016-04-21,41515.0,12.779166666666669
112,2016-04-22,27287.0,12.041666666666666
113,2016-04-23,10263.0,6.4
114,2016-04-24,7191.0,3.5125
115,2016-04-25,14270.0,3.766666666666667
116,2016-04-26,16269.0,3.595833333333333
117,2016-04-27,23637.0,4.779166666666667
118,2016-04-28,22053.0,5.895833333333333
119,2016-04-29,21337.0,8.445833333333333
120,2016-04-30,9307.0,7.595833333333334
121,2016-05-01,18004.0,9.175
122,2016-05-02,36835.0,12.529166666666669
123,2016-05-03,19906.0,10.591666666666669
124,2016-05-04,35299.0,9.441666666666666
125,2016-05-05,51703.0,12.733333333333334
126,2016-05-06,41026.0,16.5
127,2016-05-07,48436.0,18.725
128,2016-05-08,45228.0,18.7875
129,2016-05-09,38061.0,19.1
130,2016-05-10,29493.0,17.575
131,2016-05-11,38548.0,18.379166666666663
132,2016-05-12,34022.0,17.675
133,2016-05-13,30271.0,16.566666666666666
134,2016-05-14,13015.0,9.608333333333333
135,2016-05-15,9558.0,8.4625
136,2016-05-16,16396.0,8.858333333333333
137,2016-05-17,25698.0,12.65
138,2016-05-18,26737.0,14.3375
139,2016-05-19,26933.0,13.508333333333333
140,2016-05-20,26900.0,14.316666666666668
141,2016-05-21,36415.0,17.866666666666667
142,2016-05-22,18389.0,17.779166666666665
143,2016-05-23,15040.0,11.820833333333333
144,2016-05-24,17317.0,10.425
145,2016-05-25,27132.0,12.225
146,2016-05-26,47445.0,16.212500000000002
147,2016-05-27,21620.0,17.133333333333333
148,2016-05-28,21475.0,17.429166666666667
149,2016-05-29,21510.0,18.3375
150,2016-05-30,16369.0,16.875
151,2016-05-31,27352.0,16.629166666666666
152,2016-06-01,10732.0,15.341666666666669
153,2016-06-02,19579.0,17.791666666666668
154,2016-06-03,18135.0,17.375
155,2016-06-04,12278.0,17.366666666666667
156,2016-06-05,26787.0,18.9125
157,2016-06-06,29752.0,20.1
158,2016-06-07,32836.0,20.5625
159,2016-06-08,33402.0,18.78333333333333
160,2016-06-09,37327.0,15.7375
161,2016-06-10,37591.0,16.041666666666668
162,2016-06-11,28299.0,17.5125
163,2016-06-12,18907.0,16.391666666666666
164,2016-06-13,17739.0,15.858333333333334
165,2016-06-14,21718.0,15.295833333333334
166,2016-06-15,18008.0,14.379166666666668
167,2016-06-16,22582.0,13.929166666666667
168,2016-06-17,17137.0,14.354166666666666
169,2016-06-18,13411.0,14.354166666666666
170,2016-06-19,18564.0,13.3875
171,2016-06-20,24086.0,15.520833333333334
172,2016-06-21,24576.0,18.308333333333334
173,2016-06-22,35318.0,20.8625
174,2016-06-23,40929.0,25.683333333333334
175,2016-06-24,23179.0,21.5875
176,2016-06-25,5889.0,15.566666666666668
177,2016-06-26,24634.0,14.920833333333334
178,2016-06-27,23330.0,14.966666666666669
179,2016-06-28,34861.0,17.916666666666668
180,2016-06-29,37474.0,18.775
181,2016-06-30,26352.0,18.275
182,2016-07-01,27208.0,19.3625
183,2016-07-02,17156.0,14.6875
184,2016-07-03,27558.0,15.258333333333333
185,2016-07-04,31221.0,17.037499999999998
186,2016-07-05,29878.0,17.945833333333333
187,2016-07-06,34566.0,15.733333333333334
188,2016-07-07,42892.0,17.820833333333333
189,2016-07-08,33018.0,20.2125
190,2016-07-09,34140.0,20.4875
191,2016-07-10,38826.0,24.0375
192,2016-07-11,33537.0,20.79583333333333
193,2016-07-12,32128.0,17.779166666666665
194,2016-07-13,25193.0,14.520833333333334
195,2016-07-14,29738.0,14.204166666666666
196,2016-07-15,30551.0,15.404166666666669
197,2016-07-16,27409.0,17.779166666666665
198,2016-07-17,31168.0,21.008333333333333
199,2016-07-18,42292.0,21.725
200,2016-07-19,45689.0,23.08333333333333
201,2016-07-20,37093.0,25.95
202,2016-07-21,27410.0,22.379166666666663
203,2016-07-22,32610.0,22.120833333333334
204,2016-07-23,11982.0,19.775
205,2016-07-24,41825.0,21.441666666666663
206,2016-07-25,35473.0,21.929166666666664
207,2016-07-26,32241.0,18.7125
208,2016-07-27,39082.0,18.9875
209,2016-07-28,19150.0,18.766666666666666
210,2016-07-29,18804.0,18.6125
211,2016-07-30,30629.0,19.258333333333333
212,2016-07-31,18860.0,16.6375
213,2016-08-01,33901.0,17.075
214,2016-08-02,10721.0,16.066666666666666
215,2016-08-03,11113.0,18.445833333333333
216,2016-08-04,24293.0,17.695833333333333
217,2016-08-05,24307.0,16.841666666666665
218,2016-08-06,29364.0,17.849999999999998
219,2016-08-07,50801.0,20.2375
220,2016-08-08,30134.0,18.42083333333333
221,2016-08-09,27366.0,14.7375
222,2016-08-10,18309.0,12.004166666666668
223,2016-08-11,19402.0,12.1875
224,2016-08-12,20054.0,17.583333333333332
225,2016-08-13,37616.0,20.2375
226,2016-08-14,41554.0,18.5375
227,2016-08-15,40823.0,17.55
228,2016-08-16,46694.0,17.75
229,2016-08-17,47851.0,18.154166666666665
230,2016-08-18,39210.0,19.066666666666663
231,2016-08-19,33340.0,19.7625
232,2016-08-20,28799.0,18.9125
233,2016-08-21,13635.0,16.57916666666667
234,2016-08-22,27945.0,17.400000000000002
235,2016-08-23,48691.0,21.22083333333333
236,2016-08-24,47173.0,23.325
237,2016-08-25,43202.0,24.79583333333333
238,2016-08-26,38396.0,25.495833333333334
239,2016-08-27,28266.0,26.079166666666666
240,2016-08-28,26755.0,23.84166666666667
241,2016-08-29,28489.0,17.837500000000002
242,2016-08-30,41816.0,16.766666666666666
243,2016-08-31,41692.0,18.67083333333333
244,2016-09-01,39134.0,18.804166666666667
245,2016-09-02,37813.0,19.7375
246,2016-09-03,34840.0,19.341666666666665
247,2016-09-04,11002.0,18.129166666666663
248,2016-09-05,27912.0,16.895833333333332
249,2016-09-06,42329.0,17.945833333333333
250,2016-09-07,44131.0,19.104166666666668
251,2016-09-08,43718.0,21.758333333333336
252,2016-09-09,37780.0,18.0
253,2016-09-10,34162.0,19.391666666666666
254,2016-09-11,34071.0,19.675
255,2016-09-12,38040.0,21.704166666666666
256,2016-09-13,40619.0,23.691666666666663
257,2016-09-14,40806.0,23.866666666666664
258,2016-09-15,37246.0,22.375
259,2016-09-16,28502.0,17.991666666666667
260,2016-09-17,21704.0,16.525000000000002
261,2016-09-18,19031.0,16.545833333333334
262,2016-09-19,27539.0,14.783333333333331
263,2016-09-20,27718.0,14.3625
264,2016-09-21,35551.0,14.6
265,2016-09-22,34550.0,13.65
266,2016-09-23,29922.0,15.3375
267,2016-09-24,31769.0,15.975
268,2016-09-25,39145.0,17.95
269,2016-09-26,31149.0,15.091666666666669
270,2016-09-27,34873.0,15.6375
271,2016-09-28,31672.0,17.420833333333334
272,2016-09-29,36010.0,18.829166666666666
273,2016-09-30,23927.0,15.154166666666669
274,2016-10-01,10405.0,13.329166666666666
275,2016-10-02,12826.0,12.3875
276,2016-10-03,12669.0,12.666666666666666
277,2016-10-04,25906.0,10.266666666666667
278,2016-10-05,28309.0,8.483333333333333
279,2016-10-06,22763.0,7.104166666666667
280,2016-10-07,19526.0,10.220833333333331
281,2016-10-08,13364.0,8.695833333333333
282,2016-10-09,16952.0,7.470833333333334
283,2016-10-10,19442.0,7.741666666666667
284,2016-10-11,20110.0,6.4875
285,2016-10-12,17041.0,7.875
286,2016-10-13,19982.0,7.495833333333334
287,2016-10-14,18274.0,9.579166666666667
288,2016-10-15,13542.0,11.616666666666667
289,2016-10-16,28336.0,11.55
290,2016-10-17,20259.0,12.666666666666666
291,2016-10-18,22713.0,11.458333333333334
292,2016-10-19,14022.0,8.316666666666666
293,2016-10-20,10565.0,7.245833333333334
294,2016-10-21,14533.0,6.916666666666667
295,2016-10-22,7930.0,7.1875
296,2016-10-23,12519.0,5.679166666666667
297,2016-10-24,15370.0,9.416666666666666
298,2016-10-25,20207.0,9.8375
299,2016-10-26,23832.0,8.666666666666666
300,2016-10-27,23883.0,10.3375
301,2016-10-28,21048.0,11.4625
302,2016-10-29,15005.0,10.5375
303,2016-10-30,20707.0,8.329166666666667
304,2016-10-31,24610.0,9.1
305,2016-11-01,19026.0,9.1375
306,2016-11-02,18913.0,7.375
307,2016-11-03,21228.0,6.891666666666667
308,2016-11-04,18503.0,5.741666666666667
309,2016-11-05,10228.0,7.145833333333333
310,2016-11-06,10266.0,5.608333333333333
311,2016-11-07,12064.0,3.670833333333333
312,2016-11-08,17713.0,2.1083333333333334
313,2016-11-09,13488.0,2.7625
314,2016-11-10,13529.0,4.354166666666667
315,2016-11-11,12857.0,3.720833333333333
316,2016-11-12,10920.0,1.9791666666666667
317,2016-11-13,7908.0,2.083333333333333
318,2016-11-14,18312.0,1.2458333333333331
319,2016-11-15,13508.0,5.483333333333333
320,2016-11-16,11394.0,9.904166666666669
321,2016-11-17,15905.0,10.4625
322,2016-11-18,12986.0,8.266666666666667
323,2016-11-19,10242.0,5.9125000000000005
324,2016-11-20,6725.0,9.8375
325,2016-11-21,16755.0,13.05
326,2016-11-22,19780.0,10.9125
327,2016-11-23,20871.0,9.545833333333333
328,2016-11-24,22688.0,10.1
329,2016-11-25,20180.0,5.604166666666667
330,2016-11-26,10745.0,6.583333333333333
331,2016-11-27,7191.0,3.920833333333333
332,2016-11-28,18230.0,-0.8541666666666666
333,2016-11-29,20796.0,-2.3041666666666667
334,2016-11-30,18309.0,-0.3374999999999999
335,2016-12-01,16598.0,5.016666666666667
336,2016-12-02,13989.0,5.120833333333334
337,2016-12-03,8112.0,-2.020833333333333
338,2016-12-04,8192.0,-1.3583333333333334
339,2016-12-05,18692.0,-0.5208333333333334
340,2016-12-06,18663.0,-1.6541666666666668
341,2016-12-07,16515.0,0.7458333333333335
342,2016-12-08,17713.0,3.591666666666667
343,2016-12-09,16645.0,7.774999999999999
344,2016-12-10,11014.0,7.529166666666666
345,2016-12-11,7133.0,8.029166666666667
346,2016-12-12,18239.0,6.870833333333334
347,2016-12-13,15715.0,5.133333333333334
348,2016-12-14,18585.0,6.729166666666667
349,2016-12-15,18777.0,6.6875
350,2016-12-16,16849.0,3.591666666666667
351,2016-12-17,9481.0,3.829166666666667
352,2016-12-18,7741.0,5.158333333333333
353,2016-12-19,17658.0,3.5500000000000003
354,2016-12-20,18144.0,1.7541666666666669
355,2016-12-21,16754.0,1.1416666666666666
356,2016-12-22,8602.0,3.775
357,2016-12-23,11505.0,4.116666666666666
358,2016-12-24,4743.0,7.366666666666667
359,2016-12-25,4025.0,9.075
360,2016-12-26,4015.0,7.375
361,2016-12-27,10833.0,4.258333333333334
362,2016-12-28,10595.0,3.35
363,2016-12-29,10860.0,0.975
364,2016-12-30,9247.0,-0.8958333333333334
365,2016-12-31,8451.0,-4.016666666666667
366,2017-01-01,2582.0,-2.9958333333333336
367,2017-01-02,5369.0,0.1708333333333333
368,2017-01-03,8982.0,2.216666666666667
369,2017-01-04,7632.0,3.083333333333333
370,2017-01-05,11607.0,-1.1166666666666667
371,2017-01-06,12980.0,-5.579166666666667
372,2017-01-07,4799.0,-3.4458333333333333
373,2017-01-08,2405.0,1.2875
374,2017-01-09,14120.0,2.5541666666666667
375,2017-01-10,13264.0,1.8875
376,2017-01-11,13271.0,4.233333333333333
377,2017-01-12,14868.0,4.45
378,2017-01-13,8437.0,1.2666666666666666
379,2017-01-14,5406.0,1.4041666666666668
380,2017-01-15,5488.0,0.7166666666666667
381,2017-01-16,14190.0,-0.7541666666666668
382,2017-01-17,14375.0,-5.404166666666666
383,2017-01-18,14092.0,-5.641666666666667
384,2017-01-19,15968.0,-4.083333333333333
385,2017-01-20,14477.0,-2.341666666666667
386,2017-01-21,8527.0,-1.1625
387,2017-01-22,7934.0,-3.4958333333333336
388,2017-01-23,13922.0,-3.783333333333333
389,2017-01-24,12201.0,-0.9791666666666666
390,2017-01-25,13707.0,-1.8
391,2017-01-26,14872.0,-1.425
392,2017-01-27,13130.0,-0.2583333333333333
393,2017-01-28,8495.0,3.025
394,2017-01-29,7193.0,4.2375
395,2017-01-30,11958.0,5.429166666666667
396,2017-01-31,15893.0,1.8666666666666665
397,2017-02-01,16070.0,2.845833333333333
398,2017-02-02,17742.0,6.491666666666667
399,2017-02-03,13406.0,8.1625
400,2017-02-04,7499.0,5.604166666666667
401,2017-02-05,10883.0,5.266666666666667
402,2017-02-06,16839.0,2.583333333333333
403,2017-02-07,13765.0,4.05
404,2017-02-08,16256.0,2.904166666666667
405,2017-02-09,16864.0,0.4875
406,2017-02-10,13827.0,-0.1333333333333333
407,2017-02-11,4807.0,1.1291666666666669
408,2017-02-12,10011.0,3.1666666666666665
409,2017-02-13,17900.0,3.4333333333333336
410,2017-02-14,20876.0,4.4375
411,2017-02-15,23364.0,7.016666666666667
412,2017-02-16,15299.0,7.7
413,2017-02-17,12909.0,6.175
414,2017-02-18,10202.0,5.708333333333333
415,2017-02-19,8034.0,5.175
416,2017-02-20,14833.0,8.487499999999999
417,2017-02-21,14830.0,9.55
418,2017-02-22,13337.0,10.358333333333333
419,2017-02-23,9771.0,9.054166666666667
420,2017-02-24,11969.0,4.5375
421,2017-02-25,9913.0,4.3375
422,2017-02-26,9744.0,8.954166666666667
423,2017-02-27,7979.0,10.091666666666669
424,2017-02-28,12259.0,5.3375
425,2017-03-01,13654.0,6.058333333333334
426,2017-03-02,14202.0,7.408333333333334
427,2017-03-03,17130.0,7.216666666666666
428,2017-03-04,15511.0,10.383333333333333
429,2017-03-05,10788.0,6.895833333333333
430,2017-03-06,11088.0,5.133333333333334
431,2017-03-07,14670.0,5.316666666666666
432,2017-03-08,11126.0,5.495833333333334
433,2017-03-09,14582.0,9.375
434,2017-03-10,21621.0,6.845833333333334
435,2017-03-11,20997.0,8.0625
436,2017-03-12,26979.0,8.354166666666666
437,2017-03-13,25781.0,8.570833333333333
438,2017-03-14,27264.0,10.041666666666666
439,2017-03-15,25198.0,10.270833333333334
440,2017-03-16,34853.0,10.333333333333334
441,2017-03-17,17715.0,9.445833333333333
442,2017-03-18,4811.0,8.991666666666667
443,2017-03-19,13770.0,11.541666666666666
444,2017-03-20,20392.0,11.25
445,2017-03-21,19576.0,8.770833333333334
446,2017-03-22,22452.0,5.583333333333333
447,2017-03-23,27929.0,9.0625
448,2017-03-24,26271.0,9.008333333333333
449,2017-03-25,29079.0,9.716666666666669
450,2017-03-26,31913.0,9.666666666666666
451,2017-03-27,32215.0,10.429166666666667
452,2017-03-28,34704.0,13.5875
453,2017-03-29,24806.0,13.208333333333334
454,2017-03-30,32829.0,15.970833333333331
455,2017-03-31,36181.0,16.733333333333334
456,2017-04-01,18670.0,12.795833333333334
457,2017-04-02,32809.0,12.216666666666669
458,2017-04-03,28312.0,9.6
459,2017-04-04,32971.0,9.454166666666667
460,2017-04-05,25046.0,8.358333333333333
461,2017-04-06,21581.0,7.754166666666666
462,2017-04-07,21890.0,8.9125
463,2017-04-08,22898.0,11.8375
464,2017-04-09,50448.0,13.8125
465,2017-04-10,23769.0,11.695833333333333
466,2017-04-11,26076.0,8.700000000000001
467,2017-04-12,23094.0,10.9625
468,2017-04-13,18854.0,9.975
469,2017-04-14,18926.0,8.591666666666667
470,2017-04-15,7535.0,8.283333333333333
471,2017-04-16,6560.0,6.745833333333334
472,2017-04-17,6980.0,5.779166666666666
473,2017-04-18,15845.0,4.558333333333334
474,2017-04-19,19290.0,3.225
475,2017-04-20,23821.0,4.741666666666666
476,2017-04-21,17679.0,8.4
477,2017-04-22,10293.0,7.745833333333334
478,2017-04-23,15004.0,6.308333333333334
479,2017-04-24,29937.0,9.004166666666666
480,2017-04-25,19552.0,6.908333333333334
481,2017-04-26,24017.0,5.495833333333334
482,2017-04-27,25910.0,6.033333333333334
483,2017-04-28,21811.0,7.212499999999999
484,2017-04-29,18889.0,7.625
485,2017-04-30,37547.0,11.616666666666667
486,2017-05-01,4312.0,9.554166666666667
487,2017-05-02,15055.0,7.804166666666667
488,2017-05-03,20164.0,9.445833333333333
489,2017-05-04,17704.0,10.408333333333331
490,2017-05-05,25137.0,9.833333333333334
491,2017-05-06,42802.0,13.6875
492,2017-05-07,20853.0,13.3375
493,2017-05-08,21082.0,8.220833333333333
494,2017-05-09,30642.0,8.4375
495,2017-05-10,37562.0,10.483333333333333
496,2017-05-11,29471.0,15.629166666666668
497,2017-05-12,19604.0,15.966666666666669
498,2017-05-13,20108.0,17.025000000000002
499,2017-05-14,18909.0,15.470833333333331
500,2017-05-15,38111.0,15.670833333333334
501,2017-05-16,42558.0,19.904166666666665
502,2017-05-17,48547.0,21.77083333333333
503,2017-05-18,22677.0,18.675
504,2017-05-19,11696.0,12.929166666666667
505,2017-05-20,24575.0,12.3625
506,2017-05-21,40569.0,14.416666666666666
507,2017-05-22,41901.0,17.0
508,2017-05-23,40000.0,19.0
509,2017-05-24,33874.0,16.5
510,2017-05-25,48269.0,16.945833333333333
511,2017-05-26,40172.0,19.05
512,2017-05-27,35421.0,23.0625
513,2017-05-28,28390.0,22.22083333333333
514,2017-05-29,36837.0,24.945833333333336
515,2017-05-30,33864.0,20.991666666666667
516,2017-05-31,39210.0,18.15
517,2017-06-01,41113.0,19.14583333333333
518,2017-06-02,27602.0,19.704166666666666
519,2017-06-03,20673.0,19.941666666666663
520,2017-06-04,29499.0,15.4875
521,2017-06-05,42418.0,16.279166666666665
522,2017-06-06,21061.0,15.070833333333333
523,2017-06-07,23212.0,13.525
524,2017-06-08,32933.0,18.08333333333333
525,2017-06-09,23557.0,16.829166666666666
526,2017-06-10,39072.0,18.079166666666666
527,2017-06-11,39883.0,22.120833333333334
528,2017-06-12,34037.0,17.6875
529,2017-06-13,36079.0,16.283333333333335
530,2017-06-14,42542.0,18.008333333333333
531,2017-06-15,35017.0,21.829166666666666
532,2017-06-16,26570.0,16.912499999999998
533,2017-06-17,28024.0,16.433333333333334
534,2017-06-18,42315.0,21.15
535,2017-06-19,41028.0,23.04583333333333
536,2017-06-20,42445.0,24.33333333333333
537,2017-06-21,41490.0,23.8875
538,2017-06-22,31635.0,26.15833333333333
539,2017-06-23,38616.0,21.579166666666666
540,2017-06-24,30729.0,19.53333333333333
541,2017-06-25,23598.0,19.7875
542,2017-06-26,37440.0,18.875
543,2017-06-27,26959.0,18.479166666666668
544,2017-06-28,22983.0,19.375
545,2017-06-29,26429.0,18.2375
546,2017-06-30,29583.0,17.2
547,2017-07-01,8083.0,15.308333333333332
548,2017-07-02,20807.0,16.183333333333334
549,2017-07-03,39436.0,17.516666666666666
550,2017-07-04,42883.0,19.179166666666667
551,2017-07-05,47289.0,20.925
552,2017-07-06,35512.0,20.9
553,2017-07-07,37008.0,23.59583333333333
554,2017-07-08,34876.0,22.2375
555,2017-07-09,36621.0,21.495833333333334
556,2017-07-10,24469.0,19.204166666666666
557,2017-07-11,35533.0,19.275
558,2017-07-12,15382.0,15.895833333333334
559,2017-07-13,43391.0,14.695833333333333
560,2017-07-14,26569.0,15.725
561,2017-07-15,27374.0,16.1125
562,2017-07-16,24751.0,18.508333333333333
563,2017-07-17,31432.0,18.75
564,2017-07-18,46671.0,21.6375
565,2017-07-19,33940.0,22.65416666666667
566,2017-07-20,26198.0,21.45833333333333
567,2017-07-21,41011.0,19.866666666666667
568,2017-07-22,33706.0,22.10833333333333
569,2017-07-23,28802.0,17.641666666666666
570,2017-07-24,12955.0,14.583333333333334
571,2017-07-25,9809.0,14.475
572,2017-07-26,25728.0,17.675
573,2017-07-27,26420.0,18.308333333333334
574,2017-07-28,29618.0,17.808333333333334
575,2017-07-29,26540.0,22.20833333333333
576,2017-07-30,33630.0,23.416666666666668
577,2017-07-31,35442.0,21.183333333333334
578,2017-08-01,20543.0,19.1
579,2017-08-02,33223.0,19.92083333333333
580,2017-08-03,24575.0,21.40833333333333
581,2017-08-04,29482.0,19.78333333333333
582,2017-08-05,15125.0,16.629166666666666
583,2017-08-06,41479.0,15.8125
584,2017-08-07,42567.0,18.05
585,2017-08-08,22596.0,17.037499999999998
586,2017-08-09,35506.0,18.1
587,2017-08-10,8682.0,14.758333333333333
588,2017-08-11,10981.0,14.545833333333334
589,2017-08-12,8595.0,15.179166666666667
590,2017-08-13,32221.0,17.316666666666666
591,2017-08-14,38606.0,18.716666666666665
592,2017-08-15,23008.0,19.691666666666663
593,2017-08-16,37960.0,19.729166666666668
594,2017-08-17,24961.0,19.091666666666665
595,2017-08-18,9711.0,17.054166666666667
596,2017-08-19,20954.0,14.45
597,2017-08-20,23023.0,14.383333333333333
598,2017-08-21,34612.0,15.679166666666667
599,2017-08-22,41906.0,16.741666666666667
600,2017-08-23,46764.0,19.9875
601,2017-08-24,36713.0,18.97083333333333
602,2017-08-25,30513.0,18.05
603,2017-08-26,23657.0,20.45833333333333
604,2017-08-27,35272.0,19.129166666666663
605,2017-08-28,40395.0,20.22083333333333
606,2017-08-29,45961.0,22.8
607,2017-08-30,29907.0,22.891666666666666
608,2017-08-31,18636.0,15.0375
609,2017-09-01,27282.0,13.875
610,2017-09-02,20204.0,13.2125
611,2017-09-03,34639.0,13.5125
612,2017-09-04,33735.0,15.225
613,2017-09-05,31974.0,18.929166666666667
614,2017-09-06,23542.0,16.233333333333334
615,2017-09-07,28267.0,15.241666666666667
616,2017-09-08,18397.0,15.2625
617,2017-09-09,10622.0,14.220833333333331
618,2017-09-10,29310.0,13.766666666666666
619,2017-09-11,23123.0,14.875
620,2017-09-12,23957.0,13.808333333333335
621,2017-09-13,17672.0,14.679166666666667
622,2017-09-14,16268.0,11.641666666666666
623,2017-09-15,20175.0,11.7875
624,2017-09-16,17415.0,10.629166666666666
625,2017-09-17,15622.0,10.7
626,2017-09-18,20958.0,10.758333333333333
627,2017-09-19,22424.0,11.004166666666668
628,2017-09-20,25478.0,11.679166666666667
629,2017-09-21,32576.0,12.325
630,2017-09-22,28451.0,13.058333333333332
631,2017-09-23,22093.0,13.95
632,2017-09-24,23545.0,12.541666666666666
633,2017-09-25,27417.0,13.208333333333334
634,2017-09-26,29054.0,14.445833333333333
635,2017-09-27,34298.0,14.2625
636,2017-09-28,25398.0,16.616666666666667
637,2017-09-29,28553.0,18.95833333333333
638,2017-09-30,3786.0,13.5875
639,2017-10-01,25696.0,12.379166666666668
640,2017-10-02,16898.0,15.1125
641,2017-10-03,15629.0,11.9875
642,2017-10-04,24676.0,11.879166666666668
643,2017-10-05,18424.0,12.620833333333332
644,2017-10-06,15429.0,9.958333333333334
645,2017-10-07,9020.0,10.091666666666669
646,2017-10-08,7258.0,11.091666666666669
647,2017-10-09,20888.0,11.65
648,2017-10-10,21636.0,13.2375
649,2017-10-11,25543.0,13.7125
650,2017-10-12,28346.0,13.804166666666667
651,2017-10-13,25755.0,15.216666666666669
652,2017-10-14,31069.0,16.075
653,2017-10-15,40849.0,15.216666666666669
654,2017-10-16,35688.0,16.254166666666666
655,2017-10-17,32448.0,14.883333333333333
656,2017-10-18,34384.0,14.270833333333334
657,2017-10-19,32127.0,14.7375
658,2017-10-20,19697.0,14.795833333333334
659,2017-10-21,12839.0,13.333333333333334
660,2017-10-22,8091.0,10.279166666666669
661,2017-10-23,20788.0,10.908333333333331
662,2017-10-24,21066.0,13.954166666666666
663,2017-10-25,26329.0,15.595833333333331
664,2017-10-26,23285.0,14.304166666666667
665,2017-10-27,16271.0,11.041666666666666
666,2017-10-28,9741.0,10.025
667,2017-10-29,7054.0,9.791666666666666
668,2017-10-30,15904.0,6.341666666666666
669,2017-10-31,10886.0,7.962499999999999
670,2017-11-01,20097.0,10.158333333333331
671,2017-11-02,21398.0,9.629166666666666
672,2017-11-03,21257.0,8.875
673,2017-11-04,20782.0,10.408333333333331
674,2017-11-05,7803.0,7.879166666666666
675,2017-11-06,23047.0,4.8625
676,2017-11-07,23269.0,3.1958333333333333
677,2017-11-08,17017.0,5.879166666666666
678,2017-11-09,21571.0,6.829166666666667
679,2017-11-10,17256.0,7.404166666666666
680,2017-11-11,6904.0,5.9875
681,2017-11-12,6724.0,4.333333333333333
682,2017-11-13,20912.0,5.566666666666666
683,2017-11-14,23268.0,4.933333333333334
684,2017-11-15,22423.0,7.120833333333334
685,2017-11-16,22176.0,5.833333333333333
686,2017-11-17,19981.0,5.804166666666667
687,2017-11-18,9125.0,3.9333333333333336
688,2017-11-19,8128.0,5.0875
689,2017-11-20,14172.0,4.991666666666666
690,2017-11-21,15836.0,9.5625
691,2017-11-22,24682.0,9.695833333333333
692,2017-11-23,21530.0,12.125
693,2017-11-24,13632.0,8.3125
694,2017-11-25,7742.0,4.316666666666666
695,2017-11-26,7473.0,3.4916666666666667
696,2017-11-27,14005.0,4.954166666666667
697,2017-11-28,18763.0,4.604166666666667
698,2017-11-29,19185.0,2.8666666666666667
699,2017-11-30,13711.0,1.6833333333333331
700,2017-12-01,13963.0,1.2958333333333332
701,2017-12-02,7124.0,-1.0208333333333333
702,2017-12-03,3129.0,0.1958333333333333
703,2017-12-04,14350.0,4.708333333333333
704,2017-12-05,18621.0,5.675
705,2017-12-06,19399.0,6.566666666666666
706,2017-12-07,17649.0,4.191666666666666
707,2017-12-08,13048.0,2.6375
708,2017-12-09,5180.0,0.6166666666666666
709,2017-12-10,2613.0,2.279166666666667
710,2017-12-11,12229.0,5.391666666666667
711,2017-12-12,16174.0,2.095833333333333
712,2017-12-13,14668.0,3.5875
713,2017-12-14,13843.0,3.8541666666666665
714,2017-12-15,14061.0,2.2875
715,2017-12-16,6947.0,2.5083333333333333
716,2017-12-17,5417.0,2.095833333333333
717,2017-12-18,11901.0,1.1875
718,2017-12-19,14244.0,3.470833333333333
719,2017-12-20,11643.0,5.704166666666667
720,2017-12-21,12768.0,7.579166666666667
721,2017-12-22,8474.0,8.491666666666667
722,2017-12-23,8094.0,8.183333333333334
723,2017-12-24,4912.0,8.691666666666666
724,2017-12-25,5367.0,6.2375
725,2017-12-26,4248.0,5.333333333333333
726,2017-12-27,8422.0,5.3125
727,2017-12-28,8646.0,2.525
728,2017-12-29,7560.0,1.7583333333333335
729,2017-12-30,5564.0,8.237499999999999
730,2017-12-31,7576.0,12.2
731,2018-01-01,6329.0,6.595833333333334
732,2018-01-02,16907.0,5.470833333333334
733,2018-01-03,12335.0,8.15
734,2018-01-04,3558.0,8.195833333333333
735,2018-01-05,22516.0,8.2125
736,2018-01-06,11153.0,4.795833333333333
737,2018-01-07,41184.0,4.4625
738,2018-01-08,32208.0,4.045833333333333
739,2018-01-09,29285.0,5.220833333333333
740,2018-01-10,20304.0,7.166666666666667
741,2018-01-11,8487.0,6.258333333333333
742,2018-01-12,9043.0,4.8625
743,2018-01-13,9730.0,4.820833333333334
744,2018-01-14,10847.0,2.4375
745,2018-01-15,16559.0,4.479166666666667
746,2018-01-16,14904.0,4.325
747,2018-01-17,10246.0,2.3583333333333334
748,2018-01-18,10786.0,5.466666666666666
749,2018-01-19,15319.0,2.983333333333333
750,2018-01-20,5409.0,1.9708333333333328
751,2018-01-21,7382.0,2.2583333333333333
752,2018-01-22,14810.0,5.079166666666667
753,2018-01-23,18076.0,7.15
754,2018-01-24,19486.0,11.141666666666666
755,2018-01-25,11463.0,8.070833333333333
756,2018-01-26,14741.0,6.070833333333333
757,2018-01-27,10949.0,4.441666666666666
758,2018-01-28,7534.0,7.704166666666667
759,2018-01-29,16865.0,9.445833333333333
760,2018-01-30,22231.0,5.375
761,2018-01-31,13853.0,7.154166666666666
762,2018-02-01,10678.0,2.4916666666666667
763,2018-02-02,12812.0,2.825
764,2018-02-03,10968.0,2.441666666666667
765,2018-02-04,12386.0,-0.1416666666666667
766,2018-02-05,30685.0,-0.325
767,2018-02-06,21837.0,-1.7916666666666667
768,2018-02-07,40853.0,-1.5875
769,2018-02-08,35426.0,-4.079166666666667
770,2018-02-09,29488.0,-2.225
771,2018-02-10,16306.0,1.5375
772,2018-02-11,17690.0,2.958333333333333
773,2018-02-12,6015.0,1.5958333333333332
774,2018-02-13,15752.0,0.8624999999999999
775,2018-02-14,17675.0,0.4583333333333333
776,2018-02-15,8880.0,2.433333333333333
777,2018-02-16,15582.0,3.145833333333333
778,2018-02-17,8121.0,0.5875
779,2018-02-18,12263.0,0.6833333333333332
780,2018-02-19,16077.0,0.9416666666666668
781,2018-02-20,17544.0,0.5833333333333334
782,2018-02-21,18075.0,0.5541666666666666
783,2018-02-22,16671.0,-0.7125
784,2018-02-23,15744.0,-1.325
785,2018-02-24,11486.0,-1.6125
786,2018-02-25,10669.0,-3.275
787,2018-02-26,14465.0,-5.033333333333333
788,2018-02-27,14474.0,-5.470833333333334
789,2018-02-28,17250.0,-7.308333333333334
790,2018-03-01,7664.0,-4.2
791,2018-03-02,7597.0,-3.108333333333333
792,2018-03-03,13609.0,-1.25
793,2018-03-04,16905.0,4.7375
794,2018-03-05,31794.0,7.191666666666666
795,2018-03-06,42878.0,6.95
796,2018-03-07,44495.0,5.2625
797,2018-03-08,30717.0,4.975
798,2018-03-09,27076.0,5.379166666666666
799,2018-03-10,16626.0,11.129166666666668
800,2018-03-11,14884.0,11.075
801,2018-03-12,14565.0,10.125
802,2018-03-13,10744.0,6.079166666666667
803,2018-03-14,21073.0,6.279166666666666
804,2018-03-15,17704.0,6.6125
805,2018-03-16,11447.0,6.508333333333333
806,2018-03-17,4705.0,-1.6916666666666669
807,2018-03-18,3916.0,-2.0875
808,2018-03-19,15945.0,-0.7333333333333334
809,2018-03-20,14770.0,0.7208333333333333
810,2018-03-21,25310.0,0.3166666666666666
811,2018-03-22,10607.0,3.545833333333333
812,2018-03-23,14478.0,5.795833333333333
813,2018-03-24,16665.0,5.775
814,2018-03-25,20336.0,6.591666666666666
815,2018-03-26,16554.0,7.274999999999999
816,2018-03-27,13000.0,5.691666666666666
817,2018-03-28,8941.0,7.458333333333333
818,2018-03-29,13773.0,6.095833333333334
819,2018-03-30,16385.0,8.254166666666666
820,2018-03-31,13969.0,8.170833333333333
821,2018-04-01,9776.0,5.525
822,2018-04-02,6060.0,8.833333333333334
823,2018-04-03,9253.0,13.179166666666667
824,2018-04-04,14449.0,11.266666666666666
825,2018-04-05,39120.0,7.391666666666667
826,2018-04-06,40193.0,7.929166666666667
827,2018-04-07,33145.0,14.570833333333333
828,2018-04-08,25495.0,17.308333333333334
829,2018-04-09,34761.0,14.875
830,2018-04-10,25314.0,13.616666666666667
831,2018-04-11,12245.0,10.258333333333336
832,2018-04-12,18976.0,12.254166666666668
833,2018-04-13,23411.0,11.016666666666666
834,2018-04-14,29582.0,14.179166666666667
835,2018-04-15,31462.0,13.958333333333334
836,2018-04-16,30944.0,13.041666666666666
837,2018-04-17,39655.0,14.620833333333332
838,2018-04-18,44229.0,17.241666666666667
839,2018-04-19,44337.0,19.816666666666663
840,2018-04-20,41269.0,19.516666666666666
841,2018-04-21,42752.0,18.77083333333333
842,2018-04-22,35595.0,20.391666666666666
843,2018-04-23,30640.0,16.079166666666666
844,2018-04-24,32219.0,13.108333333333334
845,2018-04-25,24094.0,13.254166666666668
846,2018-04-26,24043.0,10.166666666666666
847,2018-04-27,30649.0,12.175
848,2018-04-28,21245.0,13.6125
849,2018-04-29,19340.0,14.3625
850,2018-04-30,15315.0,11.3375
851,2018-05-01,13215.0,8.883333333333333
852,2018-05-02,18352.0,10.775
853,2018-05-03,20257.0,12.029166666666669
854,2018-05-04,14360.0,12.820833333333333
855,2018-05-05,51187.0,15.583333333333334
856,2018-05-06,41020.0,17.879166666666666
857,2018-05-07,36708.0,18.254166666666663
858,2018-05-08,35602.0,19.3375
859,2018-05-09,35661.0,19.716666666666665
860,2018-05-10,30814.0,13.954166666666666
861,2018-05-11,23597.0,14.0
862,2018-05-12,18396.0,17.491666666666667
863,2018-05-13,4075.0,13.683333333333332
864,2018-05-14,30189.0,17.400000000000002
865,2018-05-15,38197.0,17.416666666666668
866,2018-05-16,23730.0,14.85
867,2018-05-17,30565.0,12.183333333333332
868,2018-05-18,27528.0,11.229166666666666
869,2018-05-19,26190.0,11.895833333333334
870,2018-05-20,35590.0,14.479166666666666
871,2018-05-21,40945.0,18.816666666666663
872,2018-05-22,19090.0,16.287499999999998
873,2018-05-23,25700.0,17.204166666666666
874,2018-05-24,24397.0,17.325
875,2018-05-25,33381.0,19.758333333333333
876,2018-05-26,35110.0,21.75
877,2018-05-27,25608.0,20.445833333333333
878,2018-05-28,36936.0,21.941666666666663
879,2018-05-29,29979.0,21.075
880,2018-05-30,39314.0,21.85
881,2018-05-31,37102.0,21.8375
882,2018-06-01,7310.0,17.070833333333333
883,2018-06-02,15122.0,17.591666666666665
884,2018-06-03,20275.0,18.85833333333333
885,2018-06-04,25212.0,20.55
886,2018-06-05,54351.0,18.3125
887,2018-06-06,44130.0,21.116666666666667
888,2018-06-07,35812.0,21.054166666666667
889,2018-06-08,32233.0,19.579166666666666
890,2018-06-09,18665.0,21.229166666666668
891,2018-06-10,32039.0,20.6125
892,2018-06-11,27888.0,18.90833333333333
893,2018-06-12,17627.0,15.608333333333334
894,2018-06-13,29276.0,13.608333333333334
895,2018-06-14,30254.0,15.004166666666668
896,2018-06-15,31695.0,18.379166666666663
897,2018-06-16,29144.0,19.3
898,2018-06-17,27487.0,15.975
899,2018-06-18,29413.0,17.875
900,2018-06-19,33720.0,17.945833333333333
901,2018-06-20,43721.0,22.3125
902,2018-06-21,28658.0,16.579166666666666
903,2018-06-22,22971.0,12.408333333333331
904,2018-06-23,17231.0,12.625
905,2018-06-24,25062.0,15.05
906,2018-06-25,27157.0,15.5375
907,2018-06-26,39902.0,16.066666666666666
908,2018-06-27,42831.0,18.675
909,2018-06-28,41151.0,20.7
910,2018-06-29,40675.0,22.516666666666666
911,2018-06-30,34780.0,21.933333333333334
912,2018-07-01,7544.0,20.304166666666667
913,2018-07-02,12361.0,20.304166666666667
914,2018-07-03,15622.0,21.65833333333333
915,2018-07-04,31301.0,21.058333333333334
916,2018-07-05,42105.0,20.804166666666667
917,2018-07-06,30545.0,19.1625
918,2018-07-07,34048.0,20.58333333333333
919,2018-07-08,29587.0,19.075
920,2018-07-09,25048.0,19.066666666666663
921,2018-07-10,13516.0,15.0125
922,2018-07-11,27214.0,15.466666666666669
923,2018-07-12,13307.0,19.070833333333333
924,2018-07-13,40179.0,20.2
925,2018-07-14,35917.0,21.495833333333334
926,2018-07-15,40467.0,21.46666666666667
927,2018-07-16,40681.0,21.979166666666668
928,2018-07-17,34820.0,20.4125
929,2018-07-18,44063.0,19.279166666666665
930,2018-07-19,40601.0,20.6125
931,2018-07-20,36643.0,21.29583333333333
932,2018-07-21,32171.0,20.433333333333334
933,2018-07-22,39543.0,21.216666666666665
934,2018-07-23,37216.0,21.916666666666668
935,2018-07-24,38736.0,24.441666666666663
936,2018-07-25,35892.0,25.495833333333334
937,2018-07-26,32565.0,26.883333333333336
938,2018-07-27,34318.0,27.60833333333333
939,2018-07-28,21965.0,23.320833333333336
940,2018-07-29,36432.0,22.8875
941,2018-07-30,32553.0,25.375
942,2018-07-31,33932.0,25.425
943,2018-08-01,15367.0,22.008333333333336
944,2018-08-02,13951.0,24.60833333333333
945,2018-08-03,13918.0,27.058333333333334
946,2018-08-04,40060.0,26.445833333333336
947,2018-08-05,46849.0,23.05
948,2018-08-06,24226.0,24.65833333333333
949,2018-08-07,42796.0,28.204166666666666
950,2018-08-08,24261.0,23.225
951,2018-08-09,25984.0,20.4625
952,2018-08-10,28197.0,18.0
953,2018-08-11,26024.0,17.458333333333332
954,2018-08-12,6269.0,18.929166666666667
955,2018-08-13,14732.0,17.9875
956,2018-08-14,23065.0,18.54583333333333
957,2018-08-15,33874.0,19.854166666666668
958,2018-08-16,40819.0,21.52083333333333
959,2018-08-17,23517.0,18.14166666666667
960,2018-08-18,37615.0,18.820833333333333
961,2018-08-19,41136.0,20.52083333333333
962,2018-08-20,30372.0,20.45
963,2018-08-21,36180.0,21.7125
964,2018-08-22,39657.0,23.041666666666668
965,2018-08-23,38592.0,22.129166666666663
966,2018-08-24,25876.0,17.554166666666667
967,2018-08-25,13350.0,12.954166666666666
968,2018-08-26,29128.0,14.9625
969,2018-08-27,25049.0,17.337500000000002
970,2018-08-28,39704.0,18.129166666666663
971,2018-08-29,28203.0,18.8
972,2018-08-30,28113.0,15.704166666666666
973,2018-08-31,29767.0,14.225
974,2018-09-01,16073.0,13.670833333333334
975,2018-09-02,11341.0,15.641666666666666
976,2018-09-03,13768.0,17.604166666666668
977,2018-09-04,31121.0,19.391666666666666
978,2018-09-05,42120.0,20.904166666666665
979,2018-09-06,29149.0,17.583333333333332
980,2018-09-07,37989.0,14.8625
981,2018-09-08,21553.0,14.85
982,2018-09-09,31469.0,17.708333333333332
983,2018-09-10,31106.0,18.175
984,2018-09-11,23376.0,20.2375
985,2018-09-12,4244.0,19.5125
986,2018-09-13,21648.0,14.954166666666666
987,2018-09-14,28118.0,14.533333333333331
988,2018-09-15,22578.0,15.016666666666666
989,2018-09-16,32921.0,16.179166666666667
990,2018-09-17,34476.0,18.725
991,2018-09-18,37412.0,23.90416666666667
992,2018-09-19,37032.0,21.758333333333336
993,2018-09-20,37388.0,21.058333333333334
994,2018-09-21,19101.0,16.962500000000002
995,2018-09-22,13069.0,12.233333333333334
996,2018-09-23,3257.0,10.791666666666666
997,2018-09-24,23000.0,9.575
998,2018-09-25,28063.0,8.995833333333334
999,2018-09-26,29603.0,10.358333333333333
1000,2018-09-27,34885.0,14.258333333333333
1001,2018-09-28,19369.0,9.595833333333331
1002,2018-09-29,19706.0,7.979166666666667
1003,2018-09-30,26201.0,9.491666666666664
1004,2018-10-01,15438.0,9.258333333333333
1005,2018-10-02,5543.0,9.225
1006,2018-10-03,9992.0,12.141666666666666
1007,2018-10-04,36199.0,10.720833333333331
1008,2018-10-05,20049.0,13.545833333333334
1009,2018-10-06,33209.0,16.266666666666666
1010,2018-10-07,25616.0,11.820833333333333
1011,2018-10-08,31716.0,9.6875
1012,2018-10-09,31633.0,13.133333333333333
1013,2018-10-10,34747.0,15.995833333333332
1014,2018-10-11,9964.0,17.441666666666666
1015,2018-10-12,14999.0,20.4
1016,2018-10-13,34175.0,19.8875
1017,2018-10-14,33451.0,18.70833333333333
1018,2018-10-15,30839.0,18.008333333333333
1019,2018-10-16,33063.0,16.125
1020,2018-10-17,31534.0,15.345833333333331
1021,2018-10-18,24479.0,13.379166666666668
1022,2018-10-19,21889.0,9.995833333333334
1023,2018-10-20,20349.0,8.5625
1024,2018-10-21,24391.0,8.0875
1025,2018-10-22,18960.0,7.954166666666667
1026,2018-10-23,20173.0,9.441666666666666
1027,2018-10-24,15035.0,12.941666666666668
1028,2018-10-25,19431.0,11.583333333333334
1029,2018-10-26,17303.0,9.1625
1030,2018-10-27,10393.0,5.0375000000000005
1031,2018-10-28,9770.0,4.245833333333333
1032,2018-10-29,20057.0,5.2375
1033,2018-10-30,14633.0,5.808333333333334
1034,2018-10-31,20772.0,7.7625
1035,2018-11-01,16967.0,8.341666666666667
1036,2018-11-02,4877.0,7.9375
1037,2018-11-03,12547.0,3.625
1038,2018-11-04,16809.0,8.0
1039,2018-11-05,32425.0,10.3625
1040,2018-11-06,27192.0,10.725
1041,2018-11-07,28979.0,12.645833333333334
1042,2018-11-08,30180.0,10.554166666666667
1043,2018-11-09,38287.0,11.204166666666666
1044,2018-11-10,31412.0,13.029166666666669
1045,2018-11-11,8947.0,12.141666666666666
1046,2018-11-12,16818.0,12.504166666666668
1047,2018-11-13,25196.0,10.820833333333333
1048,2018-11-14,25071.0,7.454166666666667
1049,2018-11-15,23301.0,5.570833333333333
1050,2018-11-16,21651.0,6.1875
1051,2018-11-17,13687.0,4.233333333333333
1052,2018-11-18,12399.0,2.0291666666666663
1053,2018-11-19,18678.0,2.2958333333333334
1054,2018-11-20,18735.0,2.983333333333333
1055,2018-11-21,19128.0,2.1125000000000003
1056,2018-11-22,19883.0,2.8875
1057,2018-11-23,19141.0,2.9375
1058,2018-11-24,5516.0,3.925
1059,2018-11-25,7859.0,4.9750000000000005
1060,2018-11-26,19144.0,4.65
1061,2018-11-27,20918.0,2.6958333333333333
1062,2018-11-28,16980.0,4.004166666666666
1063,2018-11-29,15568.0,6.679166666666667
1064,2018-11-30,18136.0,8.733333333333333
1065,2018-12-01,16327.0,7.854166666666667
1066,2018-12-02,7198.0,11.254166666666668
1067,2018-12-03,14456.0,11.570833333333333
1068,2018-12-04,30185.0,5.8375
1069,2018-12-05,35551.0,3.820833333333333
1070,2018-12-06,22431.0,9.808333333333334
1071,2018-12-07,37969.0,10.245833333333334
1072,2018-12-08,38457.0,7.616666666666667
1073,2018-12-09,38964.0,7.533333333333334
1074,2018-12-10,30924.0,4.279166666666667
1075,2018-12-11,20095.0,3.216666666666667
1076,2018-12-12,18092.0,2.625
1077,2018-12-13,16869.0,0.3916666666666666
1078,2018-12-14,14526.0,0.4416666666666666
1079,2018-12-15,7044.0,-0.2833333333333334
1080,2018-12-16,3943.0,-0.2666666666666666
1081,2018-12-17,12878.0,4.045833333333333
1082,2018-12-18,18240.0,4.4625
1083,2018-12-19,17731.0,7.304166666666667
1084,2018-12-20,16280.0,7.358333333333333
1085,2018-12-21,9566.0,10.583333333333334
1086,2018-12-22,6959.0,9.454166666666667
1087,2018-12-23,4024.0,7.75
1088,2018-12-24,5251.0,3.758333333333333
1089,2018-12-25,4464.0,2.475
1090,2018-12-26,6222.0,-0.0375
1091,2018-12-27,9127.0,1.0583333333333331
1092,2018-12-28,10034.0,1.2125
1093,2018-12-29,5575.0,3.983333333333334
1094,2018-12-30,6466.0,7.0125
1095,2018-12-31,5207.0,8.016666666666667
1096,2019-01-01,3368.0,6.025
1097,2019-01-02,11325.0,3.1750000000000003
1098,2019-01-03,10288.0,2.1333333333333333
1099,2019-01-04,10040.0,2.316666666666667
1100,2019-01-05,4716.0,4.8375
1101,2019-01-06,4287.0,4.354166666666667
1102,2019-01-07,16194.0,4.4875
1103,2019-01-08,13214.0,5.520833333333333
1104,2019-01-09,12239.0,2.6833333333333336
1105,2019-01-10,16145.0,0.75
1106,2019-01-11,11182.0,3.0083333333333333
1107,2019-01-12,6029.0,5.533333333333334
1108,2019-01-13,3058.0,7.175
1109,2019-01-14,12755.0,3.9333333333333336
1110,2019-01-15,17334.0,4.4625
1111,2019-01-16,17863.0,4.9625
1112,2019-01-17,14718.0,3.8708333333333336
1113,2019-01-18,16207.0,0.325
1114,2019-01-19,9455.0,-1.5458333333333334
1115,2019-01-20,7919.0,-3.733333333333333
1116,2019-01-21,14664.0,-4.745833333333333
1117,2019-01-22,13288.0,-4.091666666666667
1118,2019-01-23,11826.0,-2.3625000000000003
1119,2019-01-24,12457.0,-3.4291666666666667
1120,2019-01-25,12286.0,-0.2916666666666667
1121,2019-01-26,7696.0,5.566666666666666
1122,2019-01-27,5607.0,5.208333333333333
1123,2019-01-28,8955.0,2.1333333333333333
1124,2019-01-29,16174.0,1.2875
1125,2019-01-30,10485.0,-0.3916666666666666
1126,2019-01-31,6713.0,-1.8708333333333331
1127,2019-02-01,8225.0,1.8416666666666668
1128,2019-02-02,5043.0,1.5166666666666666
1129,2019-02-03,6924.0,1.5583333333333331
1130,2019-02-04,15070.0,1.7541666666666669
1131,2019-02-05,15301.0,3.0875
1132,2019-02-06,17174.0,3.6208333333333336
1133,2019-02-07,15988.0,6.345833333333334
1134,2019-02-08,14532.0,6.7250000000000005
1135,2019-02-09,9191.0,7.9375
1136,2019-02-10,4281.0,7.516666666666667
1137,2019-02-11,14493.0,3.6375
1138,2019-02-12,17523.0,3.145833333333333
1139,2019-02-13,18804.0,2.708333333333333
1140,2019-02-14,20590.0,4.458333333333333
1141,2019-02-15,22375.0,7.529166666666666
1142,2019-02-16,22649.0,7.8875
1143,2019-02-17,25709.0,7.516666666666667
1144,2019-02-18,24906.0,8.029166666666667
1145,2019-02-19,20129.0,7.495833333333334
1146,2019-02-20,21499.0,6.7
1147,2019-02-21,19668.0,8.633333333333333
1148,2019-02-22,16841.0,9.116666666666667
1149,2019-02-23,15854.0,5.533333333333334
1150,2019-02-24,23886.0,6.633333333333333
1151,2019-02-25,26687.0,8.825000000000001
1152,2019-02-26,29253.0,9.5125
1153,2019-02-27,31258.0,10.725
1154,2019-02-28,16905.0,10.041666666666666
1155,2019-03-01,9078.0,6.7125
1156,2019-03-02,8888.0,7.608333333333333
1157,2019-03-03,6749.0,10.416666666666666
1158,2019-03-04,5773.0,9.145833333333334
1159,2019-03-05,13089.0,5.916666666666667
1160,2019-03-06,18552.0,9.983333333333333
1161,2019-03-07,16207.0,9.6875
1162,2019-03-08,13257.0,7.516666666666667
1163,2019-03-09,8427.0,9.416666666666666
1164,2019-03-10,3965.0,7.7
1165,2019-03-11,10092.0,3.5666666666666664
1166,2019-03-12,16709.0,6.1875
1167,2019-03-13,12349.0,5.583333333333333
1168,2019-03-14,11409.0,6.4
1169,2019-03-15,10186.0,9.091666666666669
1170,2019-03-16,8612.0,9.220833333333331
1171,2019-03-17,7806.0,7.3
1172,2019-03-18,16302.0,4.479166666666667
1173,2019-03-19,22060.0,4.55
1174,2019-03-20,23661.0,6.920833333333333
1175,2019-03-21,28334.0,9.1375
1176,2019-03-22,31378.0,11.579166666666666
1177,2019-03-23,12451.0,7.854166666666667
1178,2019-03-24,15967.0,6.995833333333334
1179,2019-03-25,13381.0,5.558333333333334
1180,2019-03-26,18872.0,6.145833333333333
1181,2019-03-27,21933.0,6.666666666666667
1182,2019-03-28,23437.0,7.9875
1183,2019-03-29,29962.0,10.020833333333334
1184,2019-03-30,33019.0,11.641666666666666
1185,2019-03-31,25692.0,9.504166666666666
1186,2019-04-01,31932.0,9.029166666666669
1187,2019-04-02,23347.0,11.304166666666667
1188,2019-04-03,14992.0,7.3125
1189,2019-04-04,16659.0,4.895833333333333
1190,2019-04-05,20513.0,5.875
1191,2019-04-06,22158.0,10.508333333333333
1192,2019-04-07,35969.0,12.966666666666669
1193,2019-04-08,26745.0,11.925
1194,2019-04-09,22626.0,11.958333333333334
1195,2019-04-10,27584.0,8.733333333333333
1196,2019-04-11,28084.0,6.016666666666667
1197,2019-04-12,19599.0,3.6291666666666655
1198,2019-04-13,9842.0,2.3833333333333333
1199,2019-04-14,13964.0,4.875
1200,2019-04-15,28023.0,10.095833333333331
1201,2019-04-16,30904.0,11.7
1202,2019-04-17,19978.0,12.158333333333331
1203,2019-04-18,32447.0,15.3
1204,2019-04-19,39403.0,16.058333333333334
1205,2019-04-20,29552.0,17.070833333333333
1206,2019-04-21,31579.0,16.170833333333334
1207,2019-04-22,37480.0,17.075
1208,2019-04-23,31978.0,15.145833333333334
1209,2019-04-24,25409.0,-278.3
1210,2019-04-25,23278.0,-280.0708333333333
1211,2019-04-26,20449.0,11.508333333333333
1212,2019-04-27,7474.0,9.0125
1213,2019-04-28,10812.0,7.774999999999999
1214,2019-04-29,26817.0,9.025
1215,2019-04-30,31935.0,12.241666666666667
1216,2019-05-01,32891.0,9.620833333333334
1217,2019-05-02,24502.0,9.779166666666669
1218,2019-05-03,21261.0,8.5375
1219,2019-05-04,11414.0,4.658333333333333
1220,2019-05-05,11530.0,5.083333333333333
1221,2019-05-06,22080.0,6.429166666666667
1222,2019-05-07,26875.0,8.479166666666666
1223,2019-05-08,15445.0,9.2625
1224,2019-05-09,22789.0,11.125
1225,2019-05-10,22588.0,11.0625
1226,2019-05-11,7216.0,9.666666666666666
1227,2019-05-12,20666.0,8.691666666666666
1228,2019-05-13,33362.0,9.554166666666667
1229,2019-05-14,34651.0,9.808333333333334
1230,2019-05-15,36741.0,10.345833333333331
1231,2019-05-16,28789.0,9.804166666666667
1232,2019-05-17,18161.0,11.266666666666666
1233,2019-05-18,25675.0,14.7
1234,2019-05-19,22591.0,15.041666666666666
1235,2019-05-20,21429.0,12.654166666666669
1236,2019-05-21,10654.0,10.975
1237,2019-05-22,29554.0,12.370833333333332
1238,2019-05-23,37800.0,15.779166666666669
1239,2019-05-24,35156.0,16.695833333333333
1240,2019-05-25,30042.0,14.241666666666667
1241,2019-05-26,31422.0,16.366666666666667
1242,2019-05-27,23338.0,14.541666666666666
1243,2019-05-28,23986.0,12.625
1244,2019-05-29,38412.0,13.4
1245,2019-05-30,25756.0,15.625
1246,2019-05-31,35175.0,18.1875
1247,2019-06-01,39373.0,19.5875
1248,2019-06-02,41302.0,23.675
1249,2019-06-03,28461.0,20.5125
1250,2019-06-04,37525.0,21.47083333333333
1251,2019-06-05,39246.0,22.42083333333333
1252,2019-06-06,28945.0,13.833333333333334
1253,2019-06-07,30354.0,15.7
1254,2019-06-08,19111.0,15.0875
1255,2019-06-09,47154.0,16.729166666666668
1256,2019-06-10,31544.0,18.52083333333333
1257,2019-06-11,26872.0,16.454166666666666
1258,2019-06-12,28548.0,15.9625
1259,2019-06-13,37343.0,16.316666666666666
1260,2019-06-14,37365.0,19.404166666666665
1261,2019-06-15,28088.0,18.97083333333333
1262,2019-06-16,36340.0,18.025
1263,2019-06-17,42453.0,19.445833333333333
1264,2019-06-18,43693.0,22.266666666666666
1265,2019-06-19,32452.0,21.67083333333333
1266,2019-06-20,25337.0,18.14583333333333
1267,2019-06-21,37238.0,17.287499999999998
1268,2019-06-22,35335.0,18.654166666666665
1269,2019-06-23,38934.0,22.570833333333336
1270,2019-06-24,39840.0,25.09166666666667
1271,2019-06-25,39327.0,27.745833333333334
1272,2019-06-26,38732.0,26.679166666666664
1273,2019-06-27,42865.0,21.745833333333334
1274,2019-06-28,42271.0,20.325
1275,2019-06-29,31359.0,24.14583333333333
1276,2019-06-30,29540.0,25.0375
1277,2019-07-01,37456.0,20.541666666666668
1278,2019-07-02,42949.0,17.729166666666668
1279,2019-07-03,43871.0,16.083333333333332
1280,2019-07-04,45184.0,17.195833333333333
1281,2019-07-05,40174.0,20.3
1282,2019-07-06,31950.0,21.016666666666666
1283,2019-07-07,32745.0,16.3
1284,2019-07-08,33052.0,13.7
1285,2019-07-09,39840.0,14.683333333333332
1286,2019-07-10,44388.0,16.808333333333334
1287,2019-07-11,27706.0,17.520833333333332
1288,2019-07-12,26337.0,18.829166666666666
1289,2019-07-13,18104.0,16.7
1290,2019-07-14,29145.0,15.704166666666666
1291,2019-07-15,30402.0,14.991666666666667
1292,2019-07-16,37558.0,14.7375
1293,2019-07-17,39519.0,15.025
1294,2019-07-18,35572.0,19.125
1295,2019-07-19,31970.0,20.070833333333333
1296,2019-07-20,23703.0,21.870833333333334
1297,2019-07-21,38813.0,19.8875
1298,2019-07-22,39577.0,22.20833333333333
1299,2019-07-23,39976.0,25.84166666666667
1300,2019-07-24,33363.0,29.891666666666666
1301,2019-07-25,28339.0,30.70833333333333
1302,2019-07-26,25286.0,28.6125
1303,2019-07-27,18042.0,21.34166666666667
1304,2019-07-28,9192.0,18.066666666666663
1305,2019-07-29,38329.0,20.1375
1306,2019-07-30,39002.0,22.27083333333333
1307,2019-07-31,31983.0,18.775
1308,2019-08-01,35075.0,18.84583333333333
1309,2019-08-02,29222.0,19.279166666666665
1310,2019-08-03,23096.0,18.241666666666667
1311,2019-08-04,42814.0,20.308333333333334
1312,2019-08-05,28026.0,22.516666666666666
1313,2019-08-06,27281.0,20.65833333333333
1314,2019-08-07,28149.0,19.120833333333334
1315,2019-08-08,36807.0,19.125
1316,2019-08-09,19057.0,20.5375
1317,2019-08-10,25984.0,20.9875
1318,2019-08-11,31375.0,18.34583333333333
1319,2019-08-12,23980.0,15.958333333333334
1320,2019-08-13,27894.0,15.245833333333332
1321,2019-08-14,36847.0,16.8625
1322,2019-08-15,21536.0,17.770833333333332
1323,2019-08-16,34445.0,18.329166666666666
1324,2019-08-17,19248.0,18.8625
1325,2019-08-18,13036.0,17.679166666666667
1326,2019-08-19,35356.0,17.495833333333334
1327,2019-08-20,37279.0,16.083333333333332
1328,2019-08-21,41709.0,16.179166666666667
1329,2019-08-22,43064.0,18.491666666666667
1330,2019-08-23,39469.0,19.591666666666665
1331,2019-08-24,34290.0,21.2875
1332,2019-08-25,38134.0,22.8125
1333,2019-08-26,37531.0,24.1125
1334,2019-08-27,37606.0,23.97083333333333
1335,2019-08-28,36435.0,22.9625
1336,2019-08-29,36374.0,21.433333333333334
1337,2019-08-30,41052.0,19.791666666666668
1338,2019-08-31,33848.0,23.416666666666668
1339,2019-09-01,20710.0,16.729166666666668
1340,2019-09-02,37222.0,14.808333333333332
1341,2019-09-03,38057.0,16.083333333333332
1342,2019-09-04,34284.0,17.645833333333332
1343,2019-09-05,26939.0,13.566666666666668
1344,2019-09-06,34589.0,13.870833333333332
1345,2019-09-07,11210.0,12.675
1346,2019-09-08,8741.0,11.9
1347,2019-09-09,27408.0,12.4
1348,2019-09-10,35881.0,12.566666666666668
1349,2019-09-11,28789.0,14.595833333333331
1350,2019-09-12,32983.0,18.6875
1351,2019-09-13,27204.0,17.445833333333333
1352,2019-09-14,31944.0,14.895833333333334
1353,2019-09-15,40903.0,16.8
1354,2019-09-16,26739.0,15.5625
1355,2019-09-17,30190.0,13.629166666666668
1356,2019-09-18,31515.0,10.854166666666666
1357,2019-09-19,31149.0,10.129166666666666
1358,2019-09-20,34187.0,11.454166666666666
1359,2019-09-21,33992.0,15.633333333333333
1360,2019-09-22,29595.0,18.97083333333333
1361,2019-09-23,20323.0,15.566666666666668
1362,2019-09-24,24698.0,14.620833333333332
1363,2019-09-25,23938.0,15.1625
1364,2019-09-26,18898.0,16.2625
1365,2019-09-27,23538.0,15.875
1366,2019-09-28,15926.0,15.245833333333332
1367,2019-09-29,10411.0,15.983333333333334
1368,2019-09-30,22933.0,14.829166666666666
1369,2019-10-01,20393.0,15.129166666666668
1370,2019-10-02,20260.0,11.075
1371,2019-10-03,13563.0,10.383333333333333
1372,2019-10-04,11283.0,10.891666666666666
1373,2019-10-05,14117.0,9.716666666666669
1374,2019-10-06,3581.0,8.154166666666667
1375,2019-10-07,23730.0,9.9875
1376,2019-10-08,13681.0,12.379166666666668
1377,2019-10-09,22020.0,11.529166666666669
1378,2019-10-10,25598.0,11.679166666666667
1379,2019-10-11,23772.0,13.970833333333331
1380,2019-10-12,24094.0,16.245833333333334
1381,2019-10-13,28249.0,19.558333333333334
1382,2019-10-14,33280.0,17.974999999999998
1383,2019-10-15,21424.0,15.433333333333332
1384,2019-10-16,18465.0,13.058333333333332
1385,2019-10-17,19254.0,14.991666666666667
1386,2019-10-18,18623.0,13.504166666666668
1387,2019-10-19,9073.0,12.629166666666668
1388,2019-10-20,3746.0,12.041666666666666
1389,2019-10-21,22707.0,13.4625
1390,2019-10-22,29661.0,10.745833333333332
1391,2019-10-23,27116.0,11.545833333333334
1392,2019-10-24,28989.0,15.091666666666669
1393,2019-10-25,25790.0,14.1875
1394,2019-10-26,24774.0,15.925
1395,2019-10-27,6636.0,9.8375
1396,2019-10-28,24854.0,4.754166666666666
1397,2019-10-29,26057.0,6.054166666666667
1398,2019-10-30,23775.0,3.2541666666666664
1399,2019-10-31,23609.0,3.520833333333333
1400,2019-11-01,4690.0,7.433333333333334
1401,2019-11-02,10267.0,13.966666666666669
1402,2019-11-03,11532.0,12.045833333333334
1403,2019-11-04,21437.0,10.395833333333334
1404,2019-11-05,22681.0,9.058333333333334
1405,2019-11-06,17291.0,7.966666666666666
1406,2019-11-07,20347.0,7.649999999999999
1407,2019-11-08,22121.0,5.429166666666667
1408,2019-11-09,11960.0,5.079166666666667
1409,2019-11-10,11688.0,-957.3125
1410,2019-11-11,19878.0,-37.34583333333333
1411,2019-11-12,20211.0,5.095833333333333
1412,2019-11-13,20274.0,5.15
1413,2019-11-14,22339.0,5.295833333333333
1414,2019-11-15,19164.0,3.591666666666667
1415,2019-11-16,12801.0,3.404166666666667
1416,2019-11-17,6750.0,2.4250000000000003
1417,2019-11-18,12748.0,3.670833333333333
1418,2019-11-19,18377.0,3.7
1419,2019-11-20,21203.0,2.020833333333333
1420,2019-11-21,20199.0,2.625
1421,2019-11-22,17796.0,4.8375
1422,2019-11-23,13120.0,6.591666666666666
1423,2019-11-24,13425.0,5.808333333333334
1424,2019-11-25,21266.0,5.679166666666667
1425,2019-11-26,21687.0,9.425
1426,2019-11-27,19243.0,10.816666666666668
1427,2019-11-28,16942.0,9.804166666666667
1428,2019-11-29,19546.0,5.933333333333334
1429,2019-11-30,11208.0,1.5083333333333335
1430,2019-12-01,6718.0,1.0875
1431,2019-12-02,18130.0,2.35
1432,2019-12-03,19283.0,5.4875
1433,2019-12-04,21087.0,2.125
1434,2019-12-05,19684.0,0.0291666666666666
1435,2019-12-06,10517.0,3.516666666666667
1436,2019-12-07,9155.0,8.275
1437,2019-12-08,6051.0,9.320833333333333
1438,2019-12-09,15768.0,6.516666666666667
1439,2019-12-10,21436.0,3.825
1440,2019-12-11,11953.0,3.7083333333333335
1441,2019-12-12,19773.0,4.279166666666667
1442,2019-12-13,11687.0,3.9166666666666665
1443,2019-12-14,6180.0,5.983333333333333
1444,2019-12-15,9723.0,7.904166666666666
1445,2019-12-16,17250.0,9.0375
1446,2019-12-17,23586.0,13.516666666666666
1447,2019-12-18,22319.0,8.079166666666667
1448,2019-12-19,23707.0,9.033333333333331
1449,2019-12-20,14475.0,9.429166666666667
1450,2019-12-21,11609.0,7.837499999999999
1451,2019-12-22,6576.0,8.158333333333333
1452,2019-12-23,10281.0,7.245833333333334
1453,2019-12-24,4085.0,7.866666666666667
1454,2019-12-25,3007.0,6.95
1455,2019-12-26,6078.0,5.054166666666666
1456,2019-12-27,8783.0,4.595833333333333
1457,2019-12-28,8184.0,0.1208333333333333
1458,2019-12-29,6600.0,0.7041666666666666
1459,2019-12-30,12155.0,2.970833333333333
1460,2019-12-31,6492.0,1.8166666666666669
1461,2020-01-01,6392.0,0.9
1462,2020-01-02,11192.0,1.975
1463,2020-01-03,9848.0,7.633333333333333
1464,2020-01-04,7744.0,5.183333333333334
1465,2020-01-05,7693.0,5.841666666666666
1466,2020-01-06,20801.0,4.504166666666666
1467,2020-01-07,21550.0,6.129166666666666
1468,2020-01-08,18744.0,8.8375
1469,2020-01-09,12986.0,11.233333333333334
1470,2020-01-10,15829.0,7.9125
1471,2020-01-11,12292.0,3.8875
1472,2020-01-12,11116.0,4.0
1473,2020-01-13,21412.0,6.75
1474,2020-01-14,20307.0,10.179166666666667
1475,2020-01-15,22957.0,11.329166666666666
1476,2020-01-16,25603.0,8.441666666666666
1477,2020-01-17,17292.0,-957.0416666666666
1478,2020-01-18,10187.0,-999.0
1479,2020-01-19,7564.0,-999.0
1480,2020-01-20,20106.0,-999.0
1481,2020-01-21,20607.0,-999.0
1482,2020-01-22,17692.0,-999.0
1483,2020-01-23,18593.0,-999.0
1484,2020-01-24,16396.0,-41.516666666666666
1485,2020-01-25,8455.0,1.0333333333333334
1486,2020-01-26,13184.0,4.3125
1487,2020-01-27,15457.0,7.2375
1488,2020-01-28,15449.0,5.3375
1489,2020-01-29,18224.0,4.425
1490,2020-01-30,19992.0,7.524999999999999
1491,2020-01-31,21361.0,12.275
1492,2020-02-01,5584.0,10.904166666666669
1493,2020-02-02,7179.0,9.7
1494,2020-02-03,19080.0,9.670833333333333
1495,2020-02-04,15314.0,4.254166666666666
1496,2020-02-05,18712.0,3.8083333333333336
1497,2020-02-06,16469.0,2.625
1498,2020-02-07,16636.0,2.458333333333333
1499,2020-02-08,8664.0,5.279166666666667
1500,2020-02-09,4696.0,10.15
1501,2020-02-10,6799.0,8.012500000000001
1502,2020-02-11,11514.0,4.883333333333334
1503,2020-02-12,16533.0,4.445833333333334
1504,2020-02-13,15167.0,4.941666666666666
1505,2020-02-14,15599.0,6.333333333333333
1506,2020-02-15,16141.0,7.966666666666666
1507,2020-02-16,8475.0,13.829166666666666
1508,2020-02-17,19309.0,8.066666666666666
1509,2020-02-18,19690.0,6.6375
1510,2020-02-19,15787.0,5.220833333333333
1511,2020-02-20,13163.0,7.404166666666666
1512,2020-02-21,15224.0,5.541666666666667
1513,2020-02-22,8049.0,7.920833333333333
1514,2020-02-23,3711.0,9.970833333333331
1515,2020-02-24,6974.0,7.675
1516,2020-02-25,15576.0,7.575
1517,2020-02-26,11594.0,3.0583333333333336
1518,2020-02-27,11887.0,1.9458333333333333
1519,2020-02-28,15480.0,3.8125
1520,2020-02-29,8634.0,8.708333333333334
1521,2020-03-01,10645.0,6.829166666666667
1522,2020-03-02,16338.0,5.616666666666667
1523,2020-03-03,20091.0,4.670833333333333
1524,2020-03-04,18128.0,5.483333333333333
1525,2020-03-05,12416.0,-957.1708333333332
1526,2020-03-06,10043.0,-36.68333333333333
1527,2020-03-07,12450.0,5.75
1528,2020-03-08,12032.0,8.924999999999999
1529,2020-03-09,19329.0,7.208333333333333
1530,2020-03-10,13168.0,9.9125
1531,2020-03-11,15546.0,-956.8125
1532,2020-03-12,18749.0,-999.0
1533,2020-03-13,14856.0,-999.0
1534,2020-03-14,13752.0,-999.0
1535,2020-03-15,27311.0,-999.0
1536,2020-03-16,28252.0,-31.175
1537,2020-03-17,31092.0,10.704166666666666
1538,2020-03-18,29329.0,11.395833333333334
1539,2020-03-19,26435.0,11.85
1540,2020-03-20,14784.0,9.325
1541,2020-03-21,14368.0,5.716666666666666
1542,2020-03-22,17780.0,4.15
1543,2020-03-23,15264.0,3.3000000000000003
1544,2020-03-24,17879.0,3.466666666666667
1545,2020-03-25,20808.0,4.766666666666667
1546,2020-03-26,19813.0,4.8125
1547,2020-03-27,26941.0,8.279166666666667
1548,2020-03-28,32534.0,8.9375
1549,2020-03-29,5483.0,3.404166666666667
1550,2020-03-30,13771.0,2.4541666666666666
1551,2020-03-31,19522.0,4.575
1552,2020-04-01,22142.0,4.5
1553,2020-04-02,20401.0,5.241666666666666
1554,2020-04-03,13513.0,8.229166666666666
1555,2020-04-04,26761.0,7.016666666666667
1556,2020-04-05,36812.0,11.929166666666667
1557,2020-04-06,30279.0,15.6125
1558,2020-04-07,30959.0,14.7
1559,2020-04-08,34884.0,16.741666666666667
1560,2020-04-09,31469.0,15.2875
1561,2020-04-10,41135.0,13.783333333333331
1562,2020-04-11,34769.0,14.520833333333334
1563,2020-04-12,37638.0,16.8
1564,2020-04-13,13854.0,8.1875
1565,2020-04-14,16948.0,5.620833333333334
1566,2020-04-15,29259.0,9.133333333333333
1567,2020-04-16,37183.0,14.720833333333331
1568,2020-04-17,37357.0,15.016666666666666
1569,2020-04-18,21580.0,14.154166666666669
1570,2020-04-19,29556.0,12.8125
1571,2020-04-20,27515.0,12.604166666666666
1572,2020-04-21,30573.0,13.508333333333333
1573,2020-04-22,33983.0,14.891666666666666
1574,2020-04-23,36235.0,14.7875
1575,2020-04-24,32229.0,14.225
1576,2020-04-25,31025.0,10.383333333333333
1577,2020-04-26,45528.0,11.166666666666666
1578,2020-04-27,34675.0,13.658333333333331
1579,2020-04-28,15935.0,13.204166666666666
1580,2020-04-29,21594.0,13.908333333333331
1581,2020-04-30,14331.0,11.695833333333333
1582,2020-05-01,17712.0,10.204166666666667
1583,2020-05-02,12608.0,9.1375
1584,2020-05-03,34442.0,10.6875
1585,2020-05-04,16643.0,10.845833333333331
1586,2020-05-05,29777.0,9.333333333333334
1587,2020-05-06,35433.0,10.816666666666668
1588,2020-05-07,36906.0,12.816666666666668
1589,2020-05-08,35610.0,15.3625
1590,2020-05-09,38672.0,16.341666666666665
1591,2020-05-10,16857.0,15.245833333333332
1592,2020-05-11,12528.0,7.829166666666667
1593,2020-05-12,23337.0,6.770833333333333
1594,2020-05-13,23496.0,8.549999999999999
1595,2020-05-14,26158.0,8.691666666666666
1596,2020-05-15,31084.0,9.358333333333333
1597,2020-05-16,34326.0,11.279166666666669
1598,2020-05-17,43930.0,12.2
1599,2020-05-18,33929.0,15.733333333333334
1600,2020-05-19,36036.0,16.908333333333335
1601,2020-05-20,34214.0,16.7
1602,2020-05-21,56494.0,19.1875
1603,2020-05-22,27142.0,19.120833333333334
1604,2020-05-23,20233.0,13.541666666666666
1605,2020-05-24,22046.0,12.954166666666666
1606,2020-05-25,25223.0,14.679166666666667
1607,2020-05-26,38124.0,14.929166666666667
1608,2020-05-27,40571.0,17.366666666666667
1609,2020-05-28,38464.0,15.425
1610,2020-05-29,37625.0,15.575
1611,2020-05-30,37305.0,15.858333333333334
1612,2020-05-31,47430.0,15.129166666666668
1613,2020-06-01,50933.0,18.45
1614,2020-06-02,38690.0,20.479166666666668
1615,2020-06-03,33797.0,19.691666666666663
1616,2020-06-04,12681.0,13.225
1617,2020-06-05,12248.0,10.229166666666666
1618,2020-06-06,18607.0,12.216666666666669
1619,2020-06-07,28501.0,13.608333333333334
1620,2020-06-08,24579.0,13.683333333333332
1621,2020-06-09,26245.0,13.945833333333333
1622,2020-06-10,24816.0,15.229166666666666
1623,2020-06-11,31280.0,15.4875
1624,2020-06-12,45161.0,19.8375
1625,2020-06-13,32158.0,20.204166666666666
1626,2020-06-14,25455.0,18.579166666666666
1627,2020-06-15,28113.0,18.1
1628,2020-06-16,18120.0,17.066666666666666
1629,2020-06-17,23269.0,17.087500000000002
1630,2020-06-18,29143.0,17.837500000000002
1631,2020-06-19,29608.0,17.2375
1632,2020-06-20,36304.0,17.370833333333334
1633,2020-06-21,43319.0,18.98333333333333
1634,2020-06-22,33184.0,17.1375
1635,2020-06-23,43687.0,19.9375
1636,2020-06-24,42395.0,22.175
1637,2020-06-25,39561.0,21.745833333333334
1638,2020-06-26,35623.0,22.47083333333333
1639,2020-06-27,24579.0,22.175
1640,2020-06-28,25215.0,18.77083333333333
1641,2020-06-29,25105.0,16.591666666666665
1642,2020-06-30,31806.0,17.308333333333334
1643,2020-07-01,21102.0,19.229166666666668
1644,2020-07-02,22561.0,16.6125
1645,2020-07-03,32456.0,16.358333333333334
1646,2020-07-04,26653.0,19.008333333333333
1647,2020-07-05,29121.0,21.575
1648,2020-07-06,23020.0,15.220833333333331
1649,2020-07-07,34451.0,15.7375
1650,2020-07-08,10523.0,14.3875
1651,2020-07-09,26356.0,19.825
1652,2020-07-10,21248.0,17.066666666666666
1653,2020-07-11,31573.0,15.283333333333331
1654,2020-07-12,42211.0,16.037499999999998
1655,2020-07-13,38838.0,18.579166666666666
1656,2020-07-14,27289.0,17.325
1657,2020-07-15,28699.0,16.445833333333333
1658,2020-07-16,13157.0,15.025
1659,2020-07-17,29137.0,17.545833333333334
1660,2020-07-18,39689.0,19.666666666666668
1661,2020-07-19,40461.0,22.85
1662,2020-07-20,27589.0,18.025
1663,2020-07-21,39605.0,16.158333333333335
1664,2020-07-22,40339.0,16.6375
1665,2020-07-23,41136.0,18.441666666666663
1666,2020-07-24,30420.0,20.2375
1667,2020-07-25,28682.0,20.320833333333333
1668,2020-07-26,28201.0,19.0125
1669,2020-07-27,31170.0,21.641666666666666
1670,2020-07-28,34199.0,20.975
1671,2020-07-29,39424.0,17.779166666666665
1672,2020-07-30,39989.0,20.1375
1673,2020-07-31,34494.0,25.75
1674,2020-08-01,23727.0,24.0375
1675,2020-08-02,34979.0,20.52083333333333
1676,2020-08-03,31006.0,17.941666666666666
1677,2020-08-04,39950.0,18.091666666666665
1678,2020-08-05,41469.0,21.7375
1679,2020-08-06,38349.0,24.15
1680,2020-08-07,35053.0,26.070833333333336
1681,2020-08-08,29599.0,28.054166666666664
1682,2020-08-09,27874.0,26.8125
1683,2020-08-10,32261.0,26.675
1684,2020-08-11,30395.0,25.775
1685,2020-08-12,25672.0,22.825
1686,2020-08-13,29531.0,24.39583333333333
1687,2020-08-14,29950.0,23.17083333333333
1688,2020-08-15,26569.0,21.5875
1689,2020-08-16,32900.0,22.141666666666666
1690,2020-08-17,24739.0,20.508333333333333
1691,2020-08-18,27232.0,18.441666666666663
1692,2020-08-19,39246.0,20.6
1693,2020-08-20,35087.0,24.775
1694,2020-08-21,31317.0,26.0625
1695,2020-08-22,36328.0,21.59583333333333
1696,2020-08-23,28213.0,17.795833333333334
1697,2020-08-24,29603.0,16.966666666666665
1698,2020-08-25,28671.0,18.404166666666665
1699,2020-08-26,18489.0,18.495833333333334
1700,2020-08-27,35493.0,18.0875
1701,2020-08-28,27281.0,17.141666666666666
1702,2020-08-29,30240.0,16.275000000000002
1703,2020-08-30,27504.0,14.7125
1704,2020-08-31,22654.0,16.270833333333332
1705,2020-09-01,30422.0,14.579166666666666
1706,2020-09-02,38165.0,15.870833333333332
1707,2020-09-03,21682.0,14.954166666666666
1708,2020-09-04,25797.0,19.53333333333333
1709,2020-09-05,23810.0,15.6375
1710,2020-09-06,30390.0,13.404166666666669
1711,2020-09-07,33309.0,14.4375
1712,2020-09-08,35943.0,16.716666666666665
1713,2020-09-09,32113.0,18.504166666666663
1714,2020-09-10,36075.0,15.933333333333332
1715,2020-09-11,35783.0,15.325
1716,2020-09-12,37033.0,16.870833333333334
1717,2020-09-13,39425.0,17.695833333333333
1718,2020-09-14,36346.0,20.9375
1719,2020-09-15,39828.0,23.09583333333333
1720,2020-09-16,37801.0,21.58333333333333
1721,2020-09-17,35832.0,16.25
1722,2020-09-18,34415.0,15.6
1723,2020-09-19,34967.0,17.516666666666666
1724,2020-09-20,39203.0,16.783333333333335
1725,2020-09-21,36345.0,16.479166666666668
1726,2020-09-22,41782.0,17.087500000000002
1727,2020-09-23,34964.0,18.5
1728,2020-09-24,28434.0,15.966666666666669
1729,2020-09-25,23762.0,11.566666666666668
1730,2020-09-26,5948.0,9.895833333333334
1731,2020-09-27,13986.0,11.0125
1732,2020-09-28,19694.0,11.104166666666666
1733,2020-09-29,21966.0,11.208333333333334
1734,2020-09-30,27326.0,14.116666666666667
1735,2020-10-01,21098.0,13.166666666666666
1736,2020-10-02,23413.0,13.995833333333332
1737,2020-10-03,9165.0,12.691666666666668
1738,2020-10-04,15382.0,11.445833333333333
1739,2020-10-05,18267.0,11.7375
1740,2020-10-06,20598.0,12.754166666666668
1741,2020-10-07,21099.0,12.1875
1742,2020-10-08,23852.0,13.625
1743,2020-10-09,14629.0,11.6
1744,2020-10-10,18180.0,9.770833333333334
1745,2020-10-11,16627.0,9.520833333333334
1746,2020-10-12,17245.0,9.116666666666667
1747,2020-10-13,22745.0,7.358333333333333
1748,2020-10-14,18736.0,7.545833333333333
1749,2020-10-15,15905.0,8.429166666666667
1750,2020-10-16,16352.0,8.479166666666666
1751,2020-10-17,13391.0,7.745833333333334
1752,2020-10-18,16756.0,8.700000000000001
1753,2020-10-19,25529.0,9.520833333333334
1754,2020-10-20,19791.0,10.825
1755,2020-10-21,22049.0,16.054166666666667
1756,2020-10-22,23970.0,17.004166666666666
1757,2020-10-23,13397.0,14.425
1758,2020-10-24,19821.0,13.4
1759,2020-10-25,9929.0,13.216666666666669
1760,2020-10-26,21111.0,10.6375
1761,2020-10-27,22421.0,10.4375
1762,2020-10-28,22048.0,12.316666666666668
1763,2020-10-29,16894.0,10.516666666666667
1764,2020-10-30,18554.0,13.566666666666668
1765,2020-10-31,29349.0,13.841666666666669
1766,2020-11-01,11881.0,15.379166666666668
1767,2020-11-02,21985.0,17.470833333333335
1768,2020-11-03,22893.0,9.6875
1769,2020-11-04,23186.0,6.175
1770,2020-11-05,19827.0,4.029166666666667
1771,2020-11-06,21541.0,5.804166666666667
1772,2020-11-07,24176.0,8.433333333333334
1773,2020-11-08,17101.0,9.666666666666666
1774,2020-11-09,21653.0,11.520833333333334
1775,2020-11-10,24000.0,9.325
1776,2020-11-11,19635.0,9.095833333333331
1777,2020-11-12,20938.0,9.9875
1778,2020-11-13,19851.0,10.183333333333334
1779,2020-11-14,24243.0,13.275
1780,2020-11-15,16979.0,13.5375
1781,2020-11-16,16515.0,10.354166666666666
1782,2020-11-17,18757.0,11.0625
1783,2020-11-18,27920.0,12.020833333333334
1784,2020-11-19,14180.0,8.816666666666666
1785,2020-11-20,17154.0,4.316666666666666
1786,2020-11-21,12624.0,4.75
1787,2020-11-22,8707.0,7.883333333333333
1788,2020-11-23,18314.0,6.958333333333333
1789,2020-11-24,18603.0,5.045833333333333
1790,2020-11-25,19395.0,5.733333333333333
1791,2020-11-26,18152.0,3.345833333333333
1792,2020-11-27,16041.0,2.3583333333333334
1793,2020-11-28,14292.0,2.9250000000000003
1794,2020-11-29,8145.0,0.1
1795,2020-11-30,13246.0,-0.7583333333333333
1796,2020-12-01,9729.0,4.0375000000000005
1797,2020-12-02,15142.0,2.9250000000000003
1798,2020-12-03,13350.0,3.4125
1799,2020-12-04,13904.0,5.375
1800,2020-12-05,14033.0,3.9333333333333336
1801,2020-12-06,6059.0,2.8125
1802,2020-12-07,10811.0,3.520833333333333
1803,2020-12-08,15130.0,3.3541666666666665
1804,2020-12-09,16455.0,1.6083333333333334
1805,2020-12-10,14148.0,-0.175
1806,2020-12-11,12247.0,2.5416666666666665
1807,2020-12-12,7834.0,5.904166666666666
1808,2020-12-13,11951.0,6.791666666666667
1809,2020-12-14,14656.0,7.758333333333333
1810,2020-12-15,9458.0,8.1
1811,2020-12-16,15192.0,8.220833333333333
1812,2020-12-17,14616.0,9.320833333333333
1813,2020-12-18,16907.0,6.0
1814,2020-12-19,16163.0,8.645833333333334
1815,2020-12-20,10490.0,8.75
1816,2020-12-21,7854.0,8.020833333333334
1817,2020-12-22,11785.0,12.825
1818,2020-12-23,5653.0,11.554166666666667
1819,2020-12-24,3893.0,5.854166666666667
1820,2020-12-25,4634.0,2.7125
1821,2020-12-26,9069.0,3.233333333333333
1822,2020-12-27,2562.0,3.783333333333333
1823,2020-12-28,9368.0,3.458333333333333
1824,2020-12-29,11009.0,2.904166666666667
1825,2020-12-30,10354.0,3.5875
1826,2020-12-31,4614.0,2.591666666666667
1827,2021-01-01,7346.0,1.4125
1828,2021-01-02,10560.0,1.5208333333333333
1829,2021-01-03,8687.0,1.9833333333333332
1830,2021-01-04,11481.0,1.2541666666666669
1831,2021-01-05,12779.0,1.7166666666666668
1832,2021-01-06,11858.0,1.8708333333333331
1833,2021-01-07,9188.0,1.1416666666666666
1834,2021-01-08,8482.0,0.7416666666666667
1835,2021-01-09,8107.0,0.7416666666666667
1836,2021-01-10,9410.0,0.6708333333333334
1837,2021-01-11,12296.0,0.7125
1838,2021-01-12,8332.0,3.829166666666667
1839,2021-01-13,15557.0,2.670833333333333
1840,2021-01-14,13535.0,1.0
1841,2021-01-15,12772.0,0.0875
1842,2021-01-16,9552.0,-0.5208333333333334
1843,2021-01-17,2997.0,0.625
1844,2021-01-18,13568.0,3.9625
1845,2021-01-19,9747.0,5.054166666666666
1846,2021-01-20,16122.0,7.795833333333333
1847,2021-01-21,13759.0,8.695833333333333
1848,2021-01-22,14022.0,4.816666666666666
1849,2021-01-23,18273.0,3.75
1850,2021-01-24,5601.0,0.5041666666666667
1851,2021-01-25,9099.0,0.0999999999999999
1852,2021-01-26,11130.0,2.4250000000000003
1853,2021-01-27,9742.0,2.4166666666666665
1854,2021-01-28,5865.0,5.629166666666666
1855,2021-01-29,9004.0,8.541666666666666
1856,2021-01-30,3945.0,2.066666666666667
1857,2021-01-31,10048.0,-0.3875
1858,2021-02-01,8397.0,3.3375
1859,2021-02-02,9231.0,6.870833333333334
1860,2021-02-03,9734.0,10.020833333333334
1861,2021-02-04,16188.0,7.025
1862,2021-02-05,11595.0,7.358333333333333
1863,2021-02-06,4311.0,4.566666666666666
1864,2021-02-07,3769.0,0.8624999999999999
1865,2021-02-08,5372.0,-4.291666666666667
1866,2021-02-09,7034.0,-6.604166666666667
1867,2021-02-10,7470.0,-6.791666666666667
1868,2021-02-11,9790.0,-4.3875
1869,2021-02-12,8704.0,-5.654166666666666
1870,2021-02-13,9133.0,-4.591666666666667
1871,2021-02-14,9294.0,-1.1041666666666667
1872,2021-02-15,5932.0,2.15
1873,2021-02-16,15223.0,7.629166666666666
1874,2021-02-17,16799.0,8.316666666666666
1875,2021-02-18,14129.0,7.899999999999999
1876,2021-02-19,19490.0,7.433333333333334
1877,2021-02-20,28865.0,11.975
1878,2021-02-21,40671.0,12.558333333333332
1879,2021-02-22,20878.0,11.254166666666668
1880,2021-02-23,31587.0,15.0875
1881,2021-02-24,37056.0,15.295833333333334
1882,2021-02-25,34526.0,13.795833333333334
1883,2021-02-26,14453.0,7.75
1884,2021-02-27,21560.0,4.625
1885,2021-02-28,30893.0,5.9375
1886,2021-03-01,25765.0,6.691666666666666
1887,2021-03-02,30437.0,8.737499999999999
1888,2021-03-03,31423.0,-242.38333333333333
1889,2021-03-04,10653.0,-287.325
1890,2021-03-05,18440.0,2.575
1891,2021-03-06,20420.0,1.6708333333333334
1892,2021-03-07,21035.0,1.5041666666666669
1893,2021-03-08,16459.0,2.004166666666667
1894,2021-03-09,11197.0,3.0625
1895,2021-03-10,19221.0,6.554166666666667
1896,2021-03-11,12850.0,9.595833333333331
1897,2021-03-12,14576.0,6.741666666666667
1898,2021-03-13,7532.0,6.970833333333334
1899,2021-03-14,9601.0,4.795833333333333
1900,2021-03-15,11318.0,5.145833333333333
1901,2021-03-16,14373.0,4.958333333333333
1902,2021-03-17,14076.0,4.029166666666667
1903,2021-03-18,16246.0,2.583333333333333
1904,2021-03-19,19984.0,-414.825
1905,2021-03-20,20519.0,-999.0
1906,2021-03-21,10823.0,-999.0
1907,2021-03-22,16158.0,-245.74166666666667
1908,2021-03-23,22178.0,6.879166666666666
1909,2021-03-24,33464.0,9.354166666666666
1910,2021-03-25,23263.0,9.079166666666667
1911,2021-03-26,28176.0,11.166666666666666
1912,2021-03-27,10593.0,6.495833333333334
1913,2021-03-28,25317.0,9.975
1914,2021-03-29,38743.0,14.158333333333331
1915,2021-03-30,45929.0,14.791666666666666
1916,2021-03-31,45124.0,16.650000000000002
1917,2021-04-01,35208.0,14.041666666666666
1918,2021-04-02,18539.0,6.216666666666666
1919,2021-04-03,20890.0,7.154166666666666
1920,2021-04-04,12186.0,4.254166666666666
1921,2021-04-05,4247.0,2.9291666666666667
1922,2021-04-06,8855.0,1.0458333333333332
1923,2021-04-07,6533.0,1.1708333333333334
1924,2021-04-08,19010.0,4.179166666666666
1925,2021-04-09,27366.0,8.9625
1926,2021-04-10,7778.0,8.766666666666667
1927,2021-04-11,3218.0,5.366666666666667
1928,2021-04-12,16131.0,2.833333333333333
1929,2021-04-13,18369.0,2.9458333333333333
1930,2021-04-14,19667.0,3.1958333333333333
1931,2021-04-15,19933.0,4.0125
1932,2021-04-16,19987.0,5.991666666666667
1933,2021-04-17,24588.0,7.295833333333333
1934,2021-04-18,20259.0,8.520833333333334
1935,2021-04-19,16063.0,9.191666666666666
1936,2021-04-20,35916.0,10.591666666666669
1937,2021-04-21,26130.0,10.595833333333331
1938,2021-04-22,27859.0,6.970833333333334
1939,2021-04-23,31019.0,8.129166666666666
1940,2021-04-24,32772.0,8.375
1941,2021-04-25,39286.0,6.8875
1942,2021-04-26,30943.0,8.220833333333333
1943,2021-04-27,34721.0,9.941666666666666
1944,2021-04-28,36230.0,13.166666666666666
1945,2021-04-29,17150.0,9.695833333333333
1946,2021-04-30,21793.0,7.854166666666667
1947,2021-05-01,29908.0,9.008333333333333
1948,2021-05-02,19351.0,7.145833333333333
1949,2021-05-03,23737.0,8.65
1950,2021-05-04,12864.0,10.370833333333334
1951,2021-05-05,13975.0,6.6875
1952,2021-05-06,16445.0,7.041666666666667
1953,2021-05-07,17751.0,6.229166666666667
1954,2021-05-08,20810.0,11.179166666666667
1955,2021-05-09,47608.0,19.929166666666667
1956,2021-05-10,22331.0,18.0875
1957,2021-05-11,17639.0,13.275
1958,2021-05-12,26223.0,12.658333333333331
1959,2021-05-13,39685.0,12.583333333333334
1960,2021-05-14,21455.0,11.583333333333334
1961,2021-05-15,11923.0,10.741666666666667
1962,2021-05-16,14827.0,10.408333333333331
1963,2021-05-17,17236.0,11.404166666666669
1964,2021-05-18,16313.0,10.508333333333333
1965,2021-05-19,21793.0,11.058333333333332
1966,2021-05-20,27927.0,12.5
1967,2021-05-21,24708.0,13.391666666666666
1968,2021-05-22,11231.0,10.695833333333333
1969,2021-05-23,31576.0,11.8125
1970,2021-05-24,20006.0,12.691666666666668
1971,2021-05-25,11247.0,8.916666666666666
1972,2021-05-26,14468.0,9.795833333333333
1973,2021-05-27,14472.0,10.429166666666667
1974,2021-05-28,33445.0,13.054166666666667
1975,2021-05-29,41168.0,13.804166666666667
1976,2021-05-30,52816.0,14.85
1977,2021-05-31,40316.0,16.995833333333334
1978,2021-06-01,44824.0,18.03333333333333
1979,2021-06-02,45310.0,20.320833333333333
1980,2021-06-03,18840.0,19.216666666666665
1981,2021-06-04,25573.0,20.016666666666666
1982,2021-06-05,21941.0,16.604166666666668
1983,2021-06-06,20273.0,14.9125
1984,2021-06-07,29522.0,17.183333333333334
1985,2021-06-08,36718.0,18.625
1986,2021-06-09,41961.0,20.02083333333333
1987,2021-06-10,42212.0,20.65833333333333
1988,2021-06-11,40759.0,20.758333333333333
1989,2021-06-12,33748.0,18.570833333333333
1990,2021-06-13,48452.0,16.816666666666666
1991,2021-06-14,39986.0,20.7
1992,2021-06-15,40503.0,20.7875
1993,2021-06-16,40157.0,24.1375
1994,2021-06-17,35260.0,26.820833333333336
1995,2021-06-18,32154.0,25.85
1996,2021-06-19,33069.0,24.34583333333333
1997,2021-06-20,35042.0,22.27083333333333
1998,2021-06-21,26307.0,18.1375
1999,2021-06-22,19931.0,14.4375
2000,2021-06-23,29578.0,15.85
2001,2021-06-24,23396.0,16.370833333333334
2002,2021-06-25,38215.0,17.75
2003,2021-06-26,38710.0,19.2375
2004,2021-06-27,34894.0,20.2
2005,2021-06-28,31342.0,21.84583333333333
2006,2021-06-29,24278.0,18.84583333333333
2007,2021-06-30,22204.0,15.683333333333332
2008,2021-07-01,22428.0,13.358333333333334
2009,2021-07-02,35036.0,17.020833333333332
2010,2021-07-03,34892.0,18.85833333333333
2011,2021-07-04,13437.0,17.004166666666666
2012,2021-07-05,22908.0,17.666666666666668
2013,2021-07-06,22155.0,18.79583333333333
2014,2021-07-07,39137.0,19.0875
2015,2021-07-08,19218.0,16.695833333333333
2016,2021-07-09,23561.0,17.400000000000002
2017,2021-07-10,27600.0,18.425
2018,2021-07-11,28898.0,17.679166666666667
2019,2021-07-12,31458.0,19.2875
2020,2021-07-13,14069.0,18.3375
2021,2021-07-14,6511.0,16.5375
2022,2021-07-15,21435.0,18.7375
2023,2021-07-16,14964.0,17.454166666666666
2024,2021-07-17,17942.0,19.754166666666663
2025,2021-07-18,29954.0,20.6625
2026,2021-07-19,23210.0,17.770833333333332
2027,2021-07-20,30685.0,17.345833333333335
2028,2021-07-21,32301.0,18.79583333333333
2029,2021-07-22,32452.0,19.9375
2030,2021-07-23,33525.0,19.804166666666667
2031,2021-07-24,12810.0,18.1375
2032,2021-07-25,31357.0,19.77083333333333
2033,2021-07-26,25771.0,19.929166666666667
2034,2021-07-27,20289.0,17.758333333333333
2035,2021-07-28,25898.0,18.925
2036,2021-07-29,29326.0,17.6125
2037,2021-07-30,32087.0,19.60833333333333
2038,2021-07-31,21854.0,17.45
2039,2021-08-01,26692.0,16.579166666666666
2040,2021-08-02,16493.0,15.441666666666668
2041,2021-08-03,13124.0,14.254166666666668
2042,2021-08-04,32064.0,16.4375
2043,2021-08-05,24012.0,17.504166666666666
2044,2021-08-06,18000.0,18.279166666666665
2045,2021-08-07,24294.0,17.783333333333335
2046,2021-08-08,24927.0,16.650000000000002
2047,2021-08-09,25571.0,17.370833333333334
2048,2021-08-10,20810.0,17.304166666666667
2049,2021-08-11,38543.0,19.03333333333333
2050,2021-08-12,40004.0,20.6
2051,2021-08-13,36360.0,20.42083333333333
2052,2021-08-14,41061.0,20.14583333333333
2053,2021-08-15,41591.0,21.204166666666666
2054,2021-08-16,19113.0,15.3625
2055,2021-08-17,20236.0,13.783333333333331
2056,2021-08-18,22291.0,16.108333333333334
2057,2021-08-19,26924.0,17.087500000000002
2058,2021-08-20,31952.0,17.116666666666667
2059,2021-08-21,46438.0,19.34583333333333
2060,2021-08-22,17266.0,17.941666666666666
2061,2021-08-23,27413.0,16.945833333333333
2062,2021-08-24,42930.0,16.033333333333335
2063,2021-08-25,44413.0,16.295833333333334
2064,2021-08-26,21817.0,14.891666666666666
2065,2021-08-27,17478.0,13.833333333333334
2066,2021-08-28,11896.0,15.220833333333331
2067,2021-08-29,8270.0,14.495833333333332
2068,2021-08-30,24152.0,16.679166666666667
2069,2021-08-31,33606.0,15.5125
2070,2021-09-01,30704.0,14.458333333333334
2071,2021-09-02,40229.0,15.658333333333331
2072,2021-09-03,40900.0,18.08333333333333
2073,2021-09-04,40814.0,18.025
2074,2021-09-05,45888.0,19.041666666666668
2075,2021-09-06,38080.0,18.75
2076,2021-09-07,40373.0,18.258333333333333
2077,2021-09-08,47084.0,19.566666666666663
2078,2021-09-09,29037.0,20.495833333333334
2079,2021-09-10,23361.0,20.291666666666668
2080,2021-09-11,28343.0,18.48333333333333
2081,2021-09-12,32876.0,16.712500000000002
2082,2021-09-13,32595.0,15.5625
2083,2021-09-14,34431.0,18.7
2084,2021-09-15,17094.0,19.0875
2085,2021-09-16,28840.0,15.6125
2086,2021-09-17,30953.0,15.445833333333333
2087,2021-09-18,37143.0,15.704166666666666
2088,2021-09-19,33131.0,14.2625
2089,2021-09-20,26820.0,12.945833333333333
2090,2021-09-21,32854.0,12.529166666666669
2091,2021-09-22,36201.0,12.758333333333333
2092,2021-09-23,33907.0,15.45
2093,2021-09-24,30233.0,16.554166666666667
2094,2021-09-25,39063.0,16.566666666666666
2095,2021-09-26,23188.0,17.954166666666666
2096,2021-09-27,23064.0,15.604166666666666
2097,2021-09-28,30082.0,12.791666666666666
2098,2021-09-29,18568.0,11.491666666666667
2099,2021-09-30,28044.0,11.075
2100,2021-10-01,25693.0,13.716666666666669
2101,2021-10-02,18735.0,15.4125
2102,2021-10-03,8868.0,17.224999999999998
2103,2021-10-04,27459.0,13.291666666666666
2104,2021-10-05,24931.0,12.458333333333334
2105,2021-10-06,17363.0,11.133333333333333
2106,2021-10-07,26864.0,12.216666666666669
2107,2021-10-08,29921.0,10.95
2108,2021-10-09,31046.0,10.7625
2109,2021-10-10,28517.0,9.0875
2110,2021-10-11,18477.0,10.458333333333334
2111,2021-10-12,12021.0,9.433333333333334
2112,2021-10-13,19029.0,8.5375
2113,2021-10-14,18928.0,11.479166666666666
2114,2021-10-15,15539.0,9.508333333333336
2115,2021-10-16,20259.0,7.170833333333333
2116,2021-10-17,20147.0,8.174999999999999
2117,2021-10-18,23155.0,8.762500000000001
2118,2021-10-19,17189.0,14.358333333333334
2119,2021-10-20,17839.0,15.9375
2120,2021-10-21,9022.0,10.675
2121,2021-10-22,16253.0,7.945833333333333
2122,2021-10-23,14391.0,8.283333333333333
2123,2021-10-24,21818.0,7.399999999999999
2124,2021-10-25,23892.0,9.591666666666669
2125,2021-10-26,26126.0,12.1125
2126,2021-10-27,27143.0,12.0875
2127,2021-10-28,28106.0,9.575
2128,2021-10-29,24825.0,11.883333333333333
2129,2021-10-30,10439.0,12.6125
2130,2021-10-31,15211.0,13.258333333333333
2131,2021-11-01,20236.0,10.641666666666667
2132,2021-11-02,17275.0,7.679166666666667
2133,2021-11-03,13461.0,5.7625
2134,2021-11-04,17000.0,6.4750000000000005
2135,2021-11-05,17909.0,7.733333333333333
2136,2021-11-06,18260.0,7.920833333333333
2137,2021-11-07,10606.0,9.25
2138,2021-11-08,20824.0,8.112499999999999
2139,2021-11-09,25825.0,6.904166666666666
2140,2021-11-10,21746.0,3.525
2141,2021-11-11,20416.0,2.0458333333333334
2142,2021-11-12,18196.0,3.2125
2143,2021-11-13,6765.0,7.745833333333334
2144,2021-11-14,11652.0,7.854166666666667
2145,2021-11-15,18944.0,6.6625000000000005
2146,2021-11-16,20068.0,5.195833333333334
2147,2021-11-17,17848.0,6.295833333333333
2148,2021-11-18,22016.0,7.491666666666667
2149,2021-11-19,16620.0,9.833333333333334
2150,2021-11-20,13710.0,8.245833333333334
2151,2021-11-21,5946.0,6.4375
2152,2021-11-22,20146.0,3.6166666666666663
2153,2021-11-23,17812.0,1.75
2154,2021-11-24,18103.0,3.5375
2155,2021-11-25,17816.0,3.0583333333333336
2156,2021-11-26,13289.0,4.008333333333334
2157,2021-11-27,12739.0,2.620833333333333
2158,2021-11-28,7932.0,2.316666666666667
2159,2021-11-29,14072.0,2.1083333333333334
2160,2021-11-30,10538.0,6.229166666666667
2161,2021-12-01,13640.0,7.629166666666666
2162,2021-12-02,13993.0,3.158333333333333
2163,2021-12-03,14331.0,2.3208333333333333
2164,2021-12-04,7962.0,3.9125
2165,2021-12-05,9459.0,4.0
2166,2021-12-06,16950.0,2.1416666666666666
2167,2021-12-07,17137.0,3.966666666666667
2168,2021-12-08,16651.0,4.5375000000000005
2169,2021-12-09,15955.0,3.0500000000000003
2170,2021-12-10,13423.0,2.3833333333333333
2171,2021-12-11,8954.0,3.075
2172,2021-12-12,6500.0,5.779166666666666
2173,2021-12-13,17702.0,8.125
2174,2021-12-14,17852.0,7.45
2175,2021-12-15,18220.0,8.3375
2176,2021-12-16,18770.0,8.316666666666666
2177,2021-12-17,17383.0,6.870833333333334
2178,2021-12-18,10209.0,3.1750000000000003
2179,2021-12-19,8607.0,5.2
2180,2021-12-20,18991.0,3.5083333333333333
2181,2021-12-21,16587.0,-1.35
2182,2021-12-22,13868.0,-1.6291666666666669
2183,2021-12-23,11056.0,2.058333333333333
2184,2021-12-24,6228.0,8.733333333333333
2185,2021-12-25,2735.0,2.9916666666666667
2186,2021-12-26,5113.0,1.275
2187,2021-12-27,9729.0,5.616666666666667
2188,2021-12-28,7595.0,8.683333333333334
2189,2021-12-29,9772.0,9.416666666666666
2190,2021-12-30,11774.0,13.104166666666666
2191,2021-12-31,15429.0,13.233333333333334
